tweet_id,customer_message,brand_reply,intent,expected_action,label_notes
128851,@spotifycares it's 2017 why do I have a 3333 offline song limit on my spotify? Do you really want @GooglePlayMusic to get that 9.99 a month off me? Ps pls emulate their local files synching.,"@144986 Hey Ben! Right now, there's a download limit of 3,333 tracks on 3 separate devices. We have more info here: https://t.co/WDXVuJV0dh /NS",DOWNLOAD_OFFLINE,AUTO_HANDLE,General download limit question
888704,@SpotifyCares please msg me as I got a issue with your family plan. Yes I sent the invites. It's not working. Please help! I paid extra !,@330990 Hi! We've replied to your DM. We'll continue helping there 🙂 /BX,BILLING_SUBSCRIPTION,ESCALATE,Family plan not working after payment
2389831,"@688460 @SpotifyCares Udah gak ada penawaran yang pake pulsa mas. Selain itu, dia hanya bisa IM3 dan 3.",@579736 2: necessary and you should be good to go! Let us know if you have other questions /GK,BILLING_SUBSCRIPTION,AUTO_HANDLE,Payment method or offer question
1815772,@SpotifyCares I have been trying to update my payment information and I keep getting an error and I have tried muitlpe cards. Can you help?,"@545454 Hi there! Can you DM us your account's email address or username, and a screenshot of the error message? We'll take a look backstage /NQ https://t.co/ldFdZRiNAt",BILLING_SUBSCRIPTION,ESCALATE,Payment update error requires account check
2653170,Can someone tell me why Freaks and Geeks by Gambino is not on spotify ???,@748233 Hey there! Can you let us know which country your account is set to? We'll have this checked for you /DD,CONTENT_AVAILABILITY,AUTO_HANDLE,Missing song availability question
739930,@SpotifyCares 1.0.65.320.gac7a8e02,@296952 Can you try the steps here for us: https://t.co/EqisDMwZAT? Let us know if the issue persists /JN,PLAYBACK_TECHNICAL,AUTO_HANDLE,Technical troubleshooting context
1670612,"@SpotifyCares a double reinstall seemed to fix it (at least for now). Still don't know what caused it, but thanks!","@508555 You're welcome! If you need us again, you know where to find us. Keep on rocking and https://t.co/mJs5KObHO4 🎶 /RC",OTHER,AUTO_HANDLE,Issue already resolved
1984360,@SpotifyCares no Apple Watch app? Seriously? I’ll be switching to Apple Music...,@587375 Hey! Check out the official idea and add your vote to let our devs know it's something you'd like to see: https://t.co/SEK4E4gi22 /NQ,FEATURE_REQUEST,AUTO_HANDLE,Apple Watch app request
1564268,@SpotifyCares so kindly add Pakistan in your launching country list as many people here wants @115888 here,"@483023 We understand, but sometimes it all comes down to licensing matters. Rest assured, your feedback will be passed on to the right folks /NJ",CONTENT_AVAILABILITY,AUTO_HANDLE,Country availability request
2297932,Why tf isn't this album on Spotify..smh @115888 https://t.co/r6guq4qv66,"@667065 Hi! Fingers crossed we'll be able to have it soon, but there's info about Spotify content here: https://t.co/0i8GpimuDa /AK",CONTENT_AVAILABILITY,AUTO_HANDLE,Missing album question
1962468,@115888 Removing songs with Chris Brown from all of my curated playlists forever would be a great place to start!!,"@267046 Hey NIcole! This isn't possible right now, but you can show your support for the idea in our Community: https://t.co/oGDLtirXki /AR",FEATURE_REQUEST,AUTO_HANDLE,Request to remove unwanted artists or songs
2663871,Will mamacita be available on Spotify? @750649  @115888 https://t.co/KrNiXmWoG6,"@750648 Hey there! We’d love to have that available, but we have some info about content here: https://t.co/0i8GpimuDa /GK",CONTENT_AVAILABILITY,AUTO_HANDLE,Song availability question
2916549,@spotifycares &amp; @115888 at least twice a week your webplayer craps out on me. today the entire site is down. i want some free months on my account b/c this service is not worth what i'm paying.,"@351439 Hey! We had a little hiccup backstage, but it should be working now. We're here if you need us /JS",PLAYBACK_TECHNICAL,ESCALATE,Web player outage and compensation request
2428800,"@SpotifyCares I can’t remember my login details, my payment details are obsolete and want to upgrade to family.",@697317 Hey! Can you DM us your account's email address? We'll see what we can suggest /CB https://t.co/ldFdZRiNAt,ACCOUNT_ACCESS,ESCALATE,Cannot remember login details
572065,"@SpotifyCares So, when do you think this will happen? Would really like to run to Spotify on my Apple Watch @115858 @115888","@254421 Hey there! We're afraid we don’t have any new info to share about this, but we’ll remind the team it’s a popular request /NQ",FEATURE_REQUEST,AUTO_HANDLE,Apple Watch support request
1280822,yo @115888 why have a couple of the saved playlists been unsaved from my phone :(,"@419681 Hey Ella, that's no fun. Just to check, was your music unsaved (removed from your library) or undownloaded (desynced)? /JE",DOWNLOAD_OFFLINE,AUTO_HANDLE,Saved or downloaded playlist issue
1859318,@SpotifyCares Regardless that didn't work AND it deleted all my downloaded music. Thanks for that...,@477718 We're sorry to hear about that. No worries. Can you DM us your account's email address? We'll take a look backstage /DV https://t.co/ldFdZRiNAt,DOWNLOAD_OFFLINE,ESCALATE,Downloads deleted after failed troubleshooting
637726,@SpotifyCares Okay Spotify,@271218 Great! Feel free to send a tweet our way if you need help with anything else /JI,OTHER,AUTO_HANDLE,Simple acknowledgement
1064074,@116130 Why is my premium account telling me I’ve reached my download limit ??,"@371218 Hey! Right now, you can download up to 3.333 songs to use Offline per device. More info at https://t.co/1z13MJsB33 /BH",DOWNLOAD_OFFLINE,AUTO_HANDLE,Premium download limit question
2921946,@SpotifyCares yup. Good now. Thanks.,@808656 No worries! Just give us a shout if the problem persists. We're... https://t.co/zOXI69QSqg /GS,OTHER,AUTO_HANDLE,Issue resolved and customer thanks
1852415,Hui @148611 bat ito na lang version ng Crash Into Me? Nawala ung recorded version. Ansakit-sakit! https://t.co/M0tTJLeeN7,@554379 2: licensing changes. Hopefully we'll have it available again soon. More info here: https://t.co/0i8GpimuDa /LO,CONTENT_AVAILABILITY,AUTO_HANDLE,Asking for a specific song/version
2919307,@SpotifyCares Thanks! So far so good. 🤗,"@808011 That's good to hear! If you need anything else, just shout and we'll come running 🏃 /FR",OTHER,AUTO_HANDLE,Customer says issue is okay so far
89548,@SpotifyCares I got chat and got it taken care of easily. Thanks for the support.,@135369 Awesome! Let us know if you ever need us again. We'd be... https://t.co/LgAM6ky9Vv /PB,OTHER,AUTO_HANDLE,Issue resolved and thanks support
2734648,@SpotifyCares Thanks. It's a shame. Maybe something you could consider. Or creating playlists without any explicit lyrics?,@140456 Nice idea! It's definitely something for the team to consider and we'll make sure it reaches them. We appreciate the feedback /JK,FEATURE_REQUEST,AUTO_HANDLE,Request for playlists without explicit lyrics
540351,@SpotifyCares That link worked - thank you!,"@245355 Awesome! You can now enjoy a full year of tunes without thinking about a monthly bill. If you ever need help with anything else, you know where to find us /QI",OTHER,AUTO_HANDLE,Solution worked and customer thanks
2815029,"@115888 Does your family package no longer go on sale? Been waiting a long time, perhaps a year?","@784811 Hi there, the cavalry's here! You can still sign up for the Premium for Family subscription. Just head here: https://t.co/XbTkDxdrE7. Hope this helps /AK",BILLING_SUBSCRIPTION,AUTO_HANDLE,Family plan sale question
2295219,"@SpotifyCares Hello, my spotify and hulu aren't working and spotify charged me another 5 dollars but I already have premium and paid for this month",@666462 Hi there! Can you DM us your account's email address or username? We'll take a look backstage /NQ https://t.co/ldFdZRiNAt,BILLING_SUBSCRIPTION,ESCALATE,Duplicate charge and Hulu issue
1127613,@SpotifyCares I get this message when I try to play anything at all. I screenshot the version and the mesaage: https://t.co/a6UE2HqLjh,"@385852 1: Thanks. Looks like you're on Free. This means you can’t stream specific songs on demand. You also get ad-supported, shuffle-only... /AU",PLAYBACK_TECHNICAL,AUTO_HANDLE,Free plan cannot play specific songs
1870994,"@SpotifyCares Hi, My family account got kicked an account kicked off but that is at the same address. Your website won't allow me to re-add",@558769 Hey Cooper! Help's here. Can you DM us the email address of your family member's account? We'll have a look under the hood /DD https://t.co/ldFdZRiNAt,BILLING_SUBSCRIPTION,ESCALATE,Family member removed and cannot re-add
1075199,@SpotifyCares SOS! Tried to make a student account with my new student email and it says it is already taken!!!,"@373688 Hey Adrianna, help's here! Can you DM us your email address? We'll take a look backstage /JP https://t.co/ldFdZRiNAt",ACCOUNT_ACCESS,ESCALATE,Student email already associated with account
2590877,@SpotifyCares Hi there! I can’t create a custom username in my account upon signing up in your website. Help!!,@733827 Hey there! Could you DM us your email address? We'll take a look backstage /Q https://t.co/ldFdZRiNAt,ACCOUNT_ACCESS,ESCALATE,Cannot create custom username
1867391,@SpotifyCares Someone changed the email on my account and now I can't login! Please help!!! @115888 @117168,"@557844 Hey Jessica, that's not cool! Can you DM us your account's username and email address? We'll take a look backstage /JX https://t.co/ldFdZRiNAt",ACCOUNT_ACCESS,ESCALATE,Account email changed and cannot login
637773,"@115888 it’d be nice to have EDubble’s freestyle Friday’s on Spotify, i need this in my life","@271229 Hey there! We’d love to have all of their stuff available, but we have some info about content here: https://t.co/0i8GpimuDa /MX",CONTENT_AVAILABILITY,AUTO_HANDLE,Artist content availability request
1863112,"dear @115888,

When I search for an artist name a full name match should also be on top of your interpreted matches.

sincerely,

Stefan","@124933 Hey! Can you tell us more about what's happening? What device, operating system, and Spotify version are you on? /AY",FEATURE_REQUEST,AUTO_HANDLE,Search result ranking feedback
115299,@115888 I just got this for $9.99... Goddammit why didn't I wait 24 hours....,@753730 Hey there! Oh no. Could you DM us your account's email address or username? We'll see what we can do /NQ https://t.co/ldFdZRiNAt,BILLING_SUBSCRIPTION,ESCALATE,Customer purchased before promotional offer
1257215,@SpotifyCares Hi thanks yes I found that. I changed payment AND country but it still says the old country in my account. Any ideas?,@414613 Hmm. Can you DM us your account's username or email address? We'll take a look backstage /TC https://t.co/ldFdZRiNAt,BILLING_SUBSCRIPTION,ESCALATE,Country not updated after payment change
2643409,@SpotifyCares Sure thing. Checked Chrome on a different computer and it seemed to be working fine there.,"@745877 We'll take note of this. By the way, we've replied to your DM. Let's carry on chatting there /YM",PLAYBACK_TECHNICAL,ESCALATE,Issue works on another computer and support moved to DM
1980982,@SpotifyCares my downloaded songs are buffering when I'm connected to wifi. What can I do?,"@586397 Hey Aleezah! What device and Spotify version are you using? Also, is your Spotify in Offline Mode? We'll see what we can suggest /BH",PLAYBACK_TECHNICAL,AUTO_HANDLE,Downloaded songs buffering on WiFi
1092734,@SpotifyCares It’s something Rdio did. And I miss it deeply while scrolling past the Taylor Swift releases.,"@377878 We hear you loud and clear. Rest assured, your feedback will be passed on to the right folks /JI",FEATURE_REQUEST,AUTO_HANDLE,Request for feature previously available on Rdio
2309928,@115888 @spotifycares please tell me someone is looking into this.  https://t.co/hq6f8GtZ5A,"@669944 Hey there! Don't worry, we're on it. Our developers are looking into this, and we'll keep everyone updated /GU",PLAYBACK_TECHNICAL,AUTO_HANDLE,Known technical issue being investigated
1520005,"@SpotifyCares Hi, my account suddenly get upgraded to family account. Thankfully i realized before i get the bill. How can it happened? I'm seeing that many people got the same problem. Are you trying to rob us?","@472542 Hi, help's here! Can you DM us your account's username and email address? We'll check it out 🔍 /TR https://t.co/ldFdZRiNAt",BILLING_SUBSCRIPTION,ESCALATE,Unexpected upgrade to family plan
797566,"@SpotifyCares please help, I brought premium package but I can’t share my spotify to another it’s error when they’re register account :(",@310148 Hey! Help's here. Can you DM us your account's email address and tell us more about what's happening? We'll see what we can suggest /RA https://t.co/ldFdZRiNAt,BILLING_SUBSCRIPTION,ESCALATE,Premium sharing or registration error
800471,The fact that you can't add the currently playing song to a playlist on @115888 is kind of ridiculous.,"@310738 Hey Brad! Don’t worry, we can help. Can you let us know the device/OS you’re using? We'll see what we can suggest /MX",FEATURE_REQUEST,AUTO_HANDLE,Cannot add currently playing song to playlist
2970794,"@SpotifyCares If this actually happens, please let me know ❤️ I love you more than you can ever know","@819437 No worries. Just let us know if there's anything else. In the meantime, keep in mind that... https://t.co/fQMk2dH3sI 🙂 /NQ",OTHER,AUTO_HANDLE,Positive follow-up message
1162420,@SpotifyCares No that didn’t work :( I’m attaching a screenshot of what it’s doing w/the app open https://t.co/Lo3IuLmPk0,@249035 Thanks for the screenshot. Can you let us know the device iOS and version of Spotify you're using? We'll see what we can suggest /JI,PLAYBACK_TECHNICAL,AUTO_HANDLE,Previous troubleshooting failed
1825219,@115888 why doesn't it connect to the speakers on the same network? Says requires premium membership to stream to those network speakers??,"@547914 Hey MAnish! What device and Spotify version are you using? Also, what speakers are you trying to use Connect with? We'll help you out /BH",PLAYBACK_TECHNICAL,AUTO_HANDLE,Cannot connect to network speakers
173654,@SpotifyCares the download limit thing is getting annoying. Time to switch to Apple Music!,"@156656 Hey Brian, we understand your frustration. There’s currently a 10,000 track limit on Songs in Your Music. If you’re close to the limit, you can save tracks to playlists. More info here: https://t.co/37x2HLuaoB. If you need anything else, just shout /JK",DOWNLOAD_OFFLINE,AUTO_HANDLE,Download or saved track limit complaint
2150435,@SpotifyCares Lol ..I thought I was... No worries I'll be be sure to scoop some tickets up still.😉 https://t.co/Kb4aYqYiWa,@413433 Cool! Let us know if you ever need us again. We'd be... https://t.co/LgAM6ky9Vv /RB,OTHER,AUTO_HANDLE,Positive acknowledgement
2234730,@651828 @115888 @SpotifyCares Apps have been updated since before the iPhone X was even released. Using a robot to respond to customers is just pissing people off even more spitting out the same responses to customers,"@432371 2: If there's one thing we can guarantee, is that we're not robots. Let us know if we can help anything else /MU",OTHER,AUTO_HANDLE,Complaint about customer support responses
184607,"@SpotifyCares mac version: 10.13
spotify version: 1.0.65.320.gac7a8e02","@159460 Got it. We'd suggest a clean reinstall. It's not ideal, but the steps at https://t.co/EqisDMwZAT should help. Let us know how you get on /JE",PLAYBACK_TECHNICAL,AUTO_HANDLE,Mac app technical troubleshooting
58943,"@SpotifyCares Hi, I can't seem to download songs in my tablet even though I can on my phone. The app looks completely different. Please help","@129424 Hi Rob, help's here! Can you let us know your device's model, OS, and Spotify version? We'll see what we can suggest /DV",DOWNLOAD_OFFLINE,AUTO_HANDLE,Cannot download songs on tablet
1879004,@SpotifyCares My account is: email: __email__. The 2nd email address is: __email__,@560834 Thanks! We suggest you delete your previous tweet as it contains both of your email addresses. Can you DM it to us instead? /DR https://t.co/ldFdZRiNAt,ACCOUNT_ACCESS,ESCALATE,Customer publicly shared email addresses
2504276,hey @115888 -- you left play-control keys behind with your new version. what gives?,"@714196 Hey, that doesn't sound right! What's happening exactly? Can you let us know the device and operating system version you're using? We'll see what we can suggest /JE",PLAYBACK_TECHNICAL,AUTO_HANDLE,Media control keys not working
1812588,"@SpotifyCares Right now, I can't sign up for whatever reason. I meet all the criteria for me to sign in, but I can't. Hope to fix this soon",@544543 Hey John! Help's here. Can you DM us your account's username or email address? We'll take a look backstage /TC https://t.co/ldFdZRiNAt,ACCOUNT_ACCESS,ESCALATE,Unable to sign up or sign in
1837061,@SpotifyCares I've logged out and logged back in. Crashes when searching. Also tells me that I'm offline when trying to bring up menu to add to playlist,@550780 Got it. Can you try reinstalling the app? You can find the steps for your device at https://t.co/cxGHt0bCR8. Keep us posted /SJ,PLAYBACK_TECHNICAL,AUTO_HANDLE,App crashes during search
1888707,@SpotifyCares I am not receiving a password reset email and my service is no longer working. Please contact to resolve. Much appreciated.,"@563244 Hey Shawn, help's here! Can you DM us your account's username and email address? We'll take a look backstage /MQ https://t.co/ldFdZRiNAt",ACCOUNT_ACCESS,ESCALATE,Password reset email not received
2078824,@SpotifyCares hi someone who isn't authorized is using my spotify acc. how can i prevent that person from doing so any further?,"@614818 Hey, that doesn't sound right! Can you DM us your account's username or email address? We'll take a look backstage /JP https://t.co/ldFdZR1cbT",ACCOUNT_ACCESS,ESCALATE,Unauthorized person using account
404756,"@SpotifyCares Any chance to in future add the option to sort the playlists one's following? As in: own pl's, spotify's, friends, ...?","@211795 2. In the meantime, we'd recommend organizing your playlist into folders, which you can read more about here: https://t.co/VkiszwHT6F 🙂 /TB",FEATURE_REQUEST,AUTO_HANDLE,Playlist sorting feature request
567987,@SpotifyCares Hi. Will there be a My Year In Music this year?,"@253241 Hi there! We're afraid that we don't have any info to share, but we'll let the right team know that it's something you'd like to see /AK",FEATURE_REQUEST,AUTO_HANDLE,Year in Music feature question
2807573,@SpotifyCares check ya dm,@783006 Hi there! We've just sent you a bit more info over DM. We'll carry on helping out there /NQ,OTHER,ESCALATE,Customer asks support to check DM
1658085,@117153 I am still having problems with my premium,@505893 Hey! We've just sent a DM your way. Let's carry on chatting there /NQ,BILLING_SUBSCRIPTION,ESCALATE,Premium account problem requires investigation
2909,@115888 Why? https://t.co/rsBY0b7YS3,@643696 Hey! Can you fire over your account's email address or username via DM? We'll take a look backstage /RC https://t.co/ldFdZRiNAt,OTHER,ESCALATE,Insufficient context and account investigation required
2473676,"@SpotifyCares shuffle &amp; repeat keeps coming on by itself, anything I can do? iPhone 6s+, iOS 10.3.3, Spotify 8.4.27 https://t.co/imFk6h0zto",@707288 Hey there! Can you try tapping the Shuffle and Repeat buttons until they're no longer green? Are they being enabled everytime you switch songs? /MA,PLAYBACK_TECHNICAL,AUTO_HANDLE,Shuffle and repeat enabling automatically
2259714,"@SpotifyCares Honestly, I might just be done with @115888 for this. You just ruined my giving my daughter something really cool.",@658002 2: us a DM with both of your email addresses or usernames? We'll take a look backstage /LO https://t.co/ldFdZRiNAt,OTHER,ESCALATE,Account-specific unresolved issue
2792152,@SpotifyCares Will do so now I wait,@662174 Sounds like a plan! Just let us know if you ever need us again. We're always here to help /AN,OTHER,AUTO_HANDLE,Customer acknowledgement
2712664,Hey @115888 can I get a playlist of Christmas music based on my listening preferences? That would be really cool. Thanks.,@761582 Hi there. This sounds like fun! Suggest it in our Community at https://t.co/rtDvYZOF32 and get support from other users /JU,FEATURE_REQUEST,AUTO_HANDLE,Personalized Christmas playlist request
1403656,@SpotifyCares Same problems my friends have been complaining about. One of Why Don’t We’s song (these girls) the beat got changed and it’s more high pitched now.,@446334 Got it! Could you tell us the device you're using? Keep us posted /DF,PLAYBACK_TECHNICAL,AUTO_HANDLE,Song audio sounds altered
1884633,@SpotifyCares hello I signed up for the 30 day trial on my laptop but when I logged in on my phone it said 7 day trial. Which one is it?,"@562327 Hi there, help's here! Can you fire over your account's email address via DM? We'll take a look backstage and see what we can suggest /NY https://t.co/ldFdZRiNAt",BILLING_SUBSCRIPTION,ESCALATE,Trial duration discrepancy
2011750,"So @115888 work this out, ""listen 2 the short advert n get 30min ad free music"" 6 min later ""listen.."" repeat. (also add ad is listened to)","@594886 Hey, that doesn't sound good! Did the app crash at any point during the 30 minutes? That can cause the ad-free time to reset /NY",PLAYBACK_TECHNICAL,AUTO_HANDLE,Ad-free period not working correctly
683119,@SpotifyCares Does the new Sonos 1 integrate with an existing set up? Or do u have 2 carry it round the house in order to use Alexa? #sonos1,"@283025 1: Hi Colin, help has arrived. Can you let us know what's happening exactly? It'd be great if you could send over the device model/OS... /ME",PLAYBACK_TECHNICAL,AUTO_HANDLE,Sonos integration question
2596645,"@SpotifyCares I just create an premium account with student pack. My credit card has been debit but my spotify account stay in « free », help me please","@735204 Hi Simon, help's here! Could you DM us your username and email address? We'll take a look under the hood 🔍 /JQ https://t.co/ldFdZRiNAt",BILLING_SUBSCRIPTION,ESCALATE,Student Premium charged but account remains Free
1167976,@SpotifyCares I'm getting an extended delay (~30 secs) when auth'ing my third-party app. Known issue?,"@394727 Hi Jay, help's here! Can you let us know more about your concern? Also, send us the name of the third-party app you're trying to use /SF",PLAYBACK_TECHNICAL,AUTO_HANDLE,Third-party app authentication delay
1078970,@SpotifyCares Hey folks! Why are different songs sneaking into my Playlist when I'm playing on mobile? Happened on Album AND Playlist....,"@374521 Hey James! You must be getting Suggested Tracks, and they're part of our Free service on mobile. More info here: https://t.co/Uv9kyGcsCc /SY",PLAYBACK_TECHNICAL,AUTO_HANDLE,Unexpected suggested songs in playlist
2287567,@SpotifyCares Can't wait!,"@664632 We hear you 🎧 Rest assured, your feedback will be passed on to the right folks. Give us a shout if you need a hand with anything else /MG",OTHER,AUTO_HANDLE,Positive acknowledgement
850062,@115888 same problem. Can you help ? in this case using latest software on iPhone 6. https://t.co/k9d7XnieaP,@321976 Hi there! Can you let us know the iOS and Spotify versions you're rocking? We'll see what we can suggest /NY,PLAYBACK_TECHNICAL,AUTO_HANDLE,iPhone technical issue
44373,@115888 How ?,@775406 Hi there! Are you trying to sign up for one of our Holiday Offers? You can give it a try at https://t.co/nbDUOTogGZ. Let us know how it goes /GN,BILLING_SUBSCRIPTION,AUTO_HANDLE,Holiday offer signup question
2653229,"@117168 , I have a technical (read: problem) question that is not covered in your FAQ regarding downloaded playlists on my mobile device. Why do they keep becoming UN-DOWNLOADED?",@748250 Hi! We've just sent you a bit more info over DM. We'll carry on helping out there /MG,DOWNLOAD_OFFLINE,ESCALATE,Downloaded playlists repeatedly disappear
1457866,"@SpotifyCares It seems a lot of people have this issue and it's affecting the most listened band of each one, https://t.co/0JOokwHJVa","@458377 We hear you. Don't worry, we're on it. Our developers are looking into this, and we'll keep everyone updated /RV",PLAYBACK_TECHNICAL,AUTO_HANDLE,Known widespread technical issue
1819045,@SpotifyCares Um thanks,@546340 You're welcome! Give us a shout if you ever need us again. We'd be... https://t.co/LgAM6ky9Vv 🙂 /DD,OTHER,AUTO_HANDLE,Customer thanks support
2975085,hi please release all of the tracks of reputation or you’re cancel @118062 @115888,"@820505 Hey there! Taylor Swift's 'Reputation' isn't available to stream just yet! For now, check out the singles: https://t.co/3h0TnPWP0c /NQ",CONTENT_AVAILABILITY,AUTO_HANDLE,Album tracks not yet available
1345787,"If y’all really care, I need a dislike button to keep artists and songs I don’t like away from my curated playlists @SpotifyCares @115888",@416158 Hey Chris! We can see how that’d be useful! You can vote for the official idea here: https://t.co/llJeAWnvFA. Stay awesome /ND,FEATURE_REQUEST,AUTO_HANDLE,Dislike button feature request
2795603,"@SpotifyCares Already chatted in, but thanks",@577857 No worries! Let us know if you ever need us again. We'd be... https://t.co/LgAM6kPKN3 /RB,OTHER,AUTO_HANDLE,Customer already contacted support
907628,@125633 ANDROID! I just wanna.. say ANDROID. :) (Ok I know it's coming),"@335533 It'll be with you soon on Android, RYMDKRAFT... Promise 😉 /T",FEATURE_REQUEST,AUTO_HANDLE,Android feature availability
1261910,@115888 bruh why is my music making like robot noises whenever i put it on a flat surface,@415594 Hey Mason. Can you check if your device speakers are covered when you place it on a flat surface? This can affect sound quality /JU,PLAYBACK_TECHNICAL,AUTO_HANDLE,Audio quality problem
725982,@SpotifyCares I paid for the wrong subscription and I need to cancel it,@293905 Hi! We've just replied to your DM. Let's continue chatting there /JL,BILLING_SUBSCRIPTION,ESCALATE,Wrong subscription needs cancellation
2599171,"@SpotifyCares Hey, I need help signing up for Spotify for Students. Can you help me out?",@735835 Hey there! Can you DM us your account's email address? We'll take a look /RB https://t.co/ldFdZRiNAt,BILLING_SUBSCRIPTION,ESCALATE,Student plan signup assistance
2054448,.@SpotifyCares the app doesn't start half the time on Lumia 950.  Just hangs at the initial loading screen.  What gives...?,@129638 Hey there. Could you send us your account's email address or username via DM? We'll take a look under the hood /AY https://t.co/ldFdZRiNAt,PLAYBACK_TECHNICAL,ESCALATE,App fails to start
189845,@115888 What if I already have Hulu and spotify?,@304330 Hi Iciny! Can you DM us your account's email address? We'll help you sign up for the bundle 🙂 /RR https://t.co/ldFdZRiNAt,BILLING_SUBSCRIPTION,ESCALATE,Existing Hulu and Spotify bundle question
1659829,@115888 where are the audio books?,"@505641 Hey there! Just head to Browse &gt; Word &gt; Audiobooks. If you need a hand with anything else, we're just a tweet away 🙂 /MG",FEATURE_REQUEST,AUTO_HANDLE,Asking where to find audiobooks
147403,@SpotifyCares Thank you :) It's Trinidad and Tobago,"@149499 We're afraid that Spotify isn't available in the Republic of Trinidad and Tobago yet. Rest assured, we're launching regularly in countries around the world! Sign up here to be first to hear: https://t.co/XDwWzj7cLP /WW",CONTENT_AVAILABILITY,AUTO_HANDLE,Spotify country availability
2482904,@SpotifyCares all sorted for the daughters account thanks ⭐️⭐️👍🏻⭐️,"@421667 No worries! We're glad we could help out. If you ever need anything else, just shout and we'll come running 🏃 /DF",OTHER,AUTO_HANDLE,Account issue resolved
1790176,Why are the ads on Spotify so damn annoying? They are so loud with booming music and screaming people... STOP @115888,@537741 Hey there! Thanks for the feedback – we appreciate it. We’ll get this passed onto the right team /NQ,FEATURE_REQUEST,AUTO_HANDLE,Complaint about loud advertisements
1816068,@SpotifyCares I lost all of my music. I can't figure out how to get into my account.,"@545552 Hey Jim, help's arrived! Could you send us a DM with your account's email address or username? We'll take a look backstage /CH https://t.co/ldFdZRiNAt",ACCOUNT_ACCESS,ESCALATE,Lost music and cannot access account
44332,@115888 Why charged 129? I thought 9pesos only?,@265384 Hey Van! Can you DM us your account's email address? We'll have a look /KT https://t.co/ldFdZRiNAt,BILLING_SUBSCRIPTION,ESCALATE,Unexpected subscription charge
2780863,"@SpotifyCares Uninstalled, rebooted, reinstalled and now it appears stable. I can switch between artists (and have done many many times now) and its not crashed yet. So - sorted! Thanks.","@776668 Great! Glad to hear it's working again. If you ever need us again, just shout 🙂 /K",OTHER,AUTO_HANDLE,Technical issue resolved
1788202,@SpotifyCares Its annoying when you cant login or CHANGE YOUR PASSWORD.. seems like a website issue..,"@519156 Hey Matt, help's here! Can you DM us your account's email address and username? We'll take a look backstage 🙂 /CG https://t.co/ldFdZRiNAt",ACCOUNT_ACCESS,ESCALATE,Cannot login or change password
2689681,@115888 why don't you have an Apple watch app?!,@756191 Hey! Check out the official idea and add your vote to let our devs know it's something you'd like to see: https://t.co/SEK4E4gi22 /BD,FEATURE_REQUEST,AUTO_HANDLE,Apple Watch app request
1934682,"@115888, don’t you ever suggest #despacito to me ever again. Got it?","@129021 Hey Daniel! Thanks for your feedback. To reduce the number of Suggested Tracks you get, try adding more artists into your playlists /CH",PLAYBACK_TECHNICAL,AUTO_HANDLE,Unwanted suggested song issue
2647479,@115888 I’m just trying to cancel my premium bro. https://t.co/Vj1D5bEHMz,"@746956 Hey Shakur, help's arrived! Can you DM us your account's email address? We'll take a look backstage /DD https://t.co/ldFdZRiNAt",BILLING_SUBSCRIPTION,ESCALATE,Wants to cancel Premium
2078390,Are there any ways to track down a #hacker who has logged in to my @115888 account? (And yes I had a strong password Im not that stupid),"@614705 Hey Fredrik, we're here to help. Could you DM us your accounts email address and username? We'll check backstage for you /BX https://t.co/ldFdZRiNAt",ACCOUNT_ACCESS,ESCALATE,Unauthorized login or hacked account
2862724,@SpotifyCares Already tried with no success,@795213 Got it! Could you send us a screenshot of the issue you're having? Keep us posted /DF,PLAYBACK_TECHNICAL,ESCALATE,Previous troubleshooting unsuccessful
272255,@115888 @117168 Is there an Apple Watch app coming soon? I want to get on some runs w my favorite Spotify playlists!,@119922 Hey! Check out the official idea and add your vote to let our devs know it's something you'd like to see: https://t.co/SEK4E4gi22 /RB,FEATURE_REQUEST,AUTO_HANDLE,Apple Watch app request
211135,"@SpotifyCares A mini player view?   Something that shows play controls, Track info but in a mini view so the whole client doesnt need to be visible.",@166010 Don't worry. You can support a similar idea by voting for it at https://t.co/gauPI6VAPw. Give us a shout if you have other questions /DV,FEATURE_REQUEST,AUTO_HANDLE,Mini player feature request
1887926,@115888 You have an atrocious set up there’s no way to organize songs within a playlist time to shop for another provider,"@386359 2: We'll also pass your feedback onto the relevant folks. If there's anything else, just give us a shout /LO",FEATURE_REQUEST,AUTO_HANDLE,Playlist organization complaint
1023317,"Why doesn't @115888 give you the ability to thumbs up or thumbs down ""discover weekly"" playlist songs? Would be nice.","@176490 Hi Todd! We're afraid this isn't possible right now, but you can show your support for the idea here: https://t.co/llJeAWnvFA /AU",FEATURE_REQUEST,AUTO_HANDLE,Thumbs up or down feature request
680587,"@SpotifyCares Hi, someone else in my building keeps changing over the device to their fire tv stick and I'd like it blocked, thank you.","@282397 Hi Ben, help's arrived! Can you DM us your account's email address? We'll take a look backstage /DV https://t.co/ldFdZRiNAt",ACCOUNT_ACCESS,ESCALATE,Unknown device controlling account
2251476,"@SpotifyCares is it possible to have my user id changed to somewhat readable, instead of random numbers?","@434469 2. username. Don't worry, we'll let the right team know it's something you'd like to see. For anything else, let us know /GU",FEATURE_REQUEST,AUTO_HANDLE,Readable username request
2319493,@SpotifyCares Aces. Thanks a mill.,@672293 No worries. Let us know if we can help with anything else 🙂 /AY,OTHER,AUTO_HANDLE,Customer thanks support
644254,Hi @115888. Is there a way to clear the queue in your Android app? It messes me when I'm in the car. 😢,@272922 Hey there! You can remove tracks in the Play Queue by following the steps here: https://t.co/Lx02el9U59. Hope this helps /PL,PLAYBACK_TECHNICAL,AUTO_HANDLE,Clear play queue question
2225590,Unfortunately #Reputation is not yet on @115888 but very pleased to see such strong reviews for it ✔,"@649699 We’d love to have all of her stuff available, but we have some info about content here: https://t.co/0i8GpimuDa /JN",CONTENT_AVAILABILITY,AUTO_HANDLE,Album not available
1125880,"@SpotifyCares Yes, please! No new rumors about the HiFi tier since April - I‘m a little worried!","@312172 No worries. We've passed it on. If you need anything else, just let us know. We're always here to help! /CB",FEATURE_REQUEST,AUTO_HANDLE,HiFi tier availability request
2059670,"@115888 a HIGH volume of songs do not contain a clean version, why is this? Please respond within 24hrs or I must move to @115948. Thnx",@609145 Hey! Where possible we have both versions available. More info here: https://t.co/uKBxlsmKqi /RB,CONTENT_AVAILABILITY,AUTO_HANDLE,Clean versions of songs unavailable
2110127,"@SpotifyCares I have an iPhone 8 running iOS 11.1 and most current Spotify. See a playlist like Rap Caviar. Only a play option, no shuffle.",@278542 1: Thanks. Everything seems to check out on our end. Can you try tapping a specific song from that playlist...,PLAYBACK_TECHNICAL,AUTO_HANDLE,Shuffle option missing on playlist
1894635,@SpotifyCares My credit card was charged a student rate but I am already a premium customer. Can you refund the student rate please?,@564755 Hey Danika! Can you send us your account's email address or username via DM? We'll take a look backstage /AY https://t.co/ldFdZRiNAt,BILLING_SUBSCRIPTION,ESCALATE,Incorrect student charge and refund request
2198158,@SpotifyCares my UNiDAYS credentials are being used for a spotify  that I don't use anymore&amp;I don't know how to disconnect the accounts,@642975 Hey there! Can you DM us your account's email address? We'll take a look backstage /RB https://t.co/ldFdZR1cbT,BILLING_SUBSCRIPTION,ESCALATE,Student credentials linked to old account
1217110,@SpotifyCares made a new student discount yesterday w help from Spotify and I still have ads/can’t pick what song I listen to,@405610 Hi there! Can you send us a DM with your account's email address? We'll have a look backstage /ST https://t.co/ldFdZRiNAt,BILLING_SUBSCRIPTION,ESCALATE,Student discount active but account behaves as Free
911256,Hi @115888 @SpotifyCares be cool to be able to share folders via URL...? #please?,@336433 We can see how that’d be useful! Suggest it in our Community where you can get support from other fans: https://t.co/WgY7GXI7jf /JN,FEATURE_REQUEST,AUTO_HANDLE,Share playlist folders by URL request
1421482,@SpotifyCares And I love the feature on my other devices! Which is why I want it on more! :P thanks again!,"@123421 You're welcome! For anything else, just give us a shout. https://t.co/uEkAlnxbzn 🙂 /MU",OTHER,AUTO_HANDLE,Positive feature acknowledgement
2435836,@SpotifyCares Just used it for a bit and my phone didn’t seem to heat up this time around. Looks like all is well! Thanks again,@698868 That's great to hear! Give us a shout if the app ever misbehaves again. We'll be... https://t.co/LgAM6ky9Vv /DV,OTHER,AUTO_HANDLE,Technical issue appears resolved
2495005,"@SpotifyCares I'm trying to switch my account to a student account, but it says that my email is already in use???",@712111 Hey there! Could you DM us your account's username and email address? We'll take a look backstage /DF https://t.co/ldFdZRiNAt,BILLING_SUBSCRIPTION,ESCALATE,Student account email already in use
2183105,@SpotifyCares i just think ‘daily’ gives the impression it changes every day - this would be a big improvement imo,"@639486 We hear you 🎧 Rest assured, your feedback will be passed on to the right folks /KL",FEATURE_REQUEST,AUTO_HANDLE,Daily feature improvement feedback
1077376,@115888 @SpotifyCares https://t.co/bWzTp81lSc wrong artist link. Should be https://t.co/AQFwP0ccFk @374182,@220664 Hey there. Thanks for the heads up. We'll get this reported. Great detective work! https://t.co/LpsmyUtme0 /QI,CONTENT_AVAILABILITY,AUTO_HANDLE,Wrong artist link reported
1843941,petition to @115888 to add running on dua's musics,@552458 Hey there! Thanks for the request. We’ll have it available to you as soon as it’s available to us. More info about Spotify content here: https://t.co/0i8GpimuDa /CH,CONTENT_AVAILABILITY,AUTO_HANDLE,Request to add music
1963233,"@SpotifyCares I’ve already tried this, and still nothing.",@582099 No worries! Could you DM us your Spotify account's email address? We'll take a look under the hood /BH https://t.co/ldFdZRiNAt,PLAYBACK_TECHNICAL,ESCALATE,Previous troubleshooting did not work
857982,"@SpotifyCares @323746 Hey there, @SpotifyCares. Actually the song just doesn’t seem to be available at all. Released July 24, 2001, the song peaked at #27 on the @204949 Hot 100. How can we get this available for streaming?",@323745 Got it. We can confirm the song was temporarily removed because of licensing changes. Hopefully we'll have it available again soon! /MT,CONTENT_AVAILABILITY,AUTO_HANDLE,Song unavailable due to licensing
1160828,"@SpotifyCares Restarting doesn't do anything, and I'm connected to a home network.","@164929 Alright. Can you check if restarting your router does the trick? Also, when did this start to happen? /DV",PLAYBACK_TECHNICAL,AUTO_HANDLE,Network issue continues after restart
2749469,@SpotifyCares Samsung galaxy tablet all updated versions.,@769808 Thanks. Does logging out &gt; restarting your device &gt; logging back in make any difference? /AN,PLAYBACK_TECHNICAL,AUTO_HANDLE,Tablet technical troubleshooting
2234676,@SpotifyCares Hey! I have a complaint! Why is Katy Perry playing on BULLETS? I'M TRYNA BE EMO NOT MY 3RD GRADE SELF https://t.co/ot4cEIru6t,"@651816 Hey there! To reduce the number of Suggested Tracks you get, try adding more artists into your playlists. Keep rocking 🤘 /MX",PLAYBACK_TECHNICAL,AUTO_HANDLE,Unwanted suggested track
335343,"@115888 Hi, When is Spotify going to be Roku friendly or are you going to be @127972 friendly?","@195942 Hi! We don't have any updates for Roku yet. Don't worry, we'll let everyone know as soon as we have news to share 🙂 /RR",FEATURE_REQUEST,AUTO_HANDLE,Roku support request
499252,"@SpotifyCares thanks! i guess my confusion comes from the design &amp; language, makes it seem like i'm signing up anew since you're gathering my billing info again and the button is to ""start premium"", when i already have premium and you have my billing info. please relay to your content/ux team",@234228 Sorry for the confusion. We hear you 🎧 Rest assured your feedback will be passed onto the right folks. Let us know how it goes /AL,FEATURE_REQUEST,AUTO_HANDLE,Billing page UX feedback
1897169,@SpotifyCares why is @2043  wanna be that song not on @115888,@565445 Hey Branden. Sometimes content gets temporarily removed because of licensing changes. Hopefully we'll have it available again soon! /MQ,CONTENT_AVAILABILITY,AUTO_HANDLE,Song unavailable
2964694,I sure wish @115888 would stop deleting all downloaded songs..,@817970 Hey Ryan! Could you send us a DM with your account's email address? We'll take a look backstage /FR https://t.co/ldFdZRiNAt,DOWNLOAD_OFFLINE,ESCALATE,Downloaded songs repeatedly deleted
2139022,@SpotifyCares I'm trying to close an account and it won't allow me as it says my Premium ends on 11/10/17. Could you help please?,"@629104 Hey Megan, help's here! Could you DM us your account's username and email address? We'll take a look backstage for you /BX https://t.co/ldFdZRiNAt",BILLING_SUBSCRIPTION,ESCALATE,Unable to close Premium account
2175346,@115888 Please consider allowing users to make copies of existing playlists that they can then add/delete songs and edit them as they see fit. Thanks!,"@637748 2: Note that you can only do this on playlists you've created. Alternatively, you can also try to copy and...",FEATURE_REQUEST,AUTO_HANDLE,Copy playlist feature request
1888723,"@SpotifyCares i can't seem to connect an account with spotify premium for family, help!","@563248 Hi, help's here! Can you DM us both your accounts' usernames and email addresses? We’ll take a look backstage 🔍 /TR https://t.co/ldFdZRiNAt",BILLING_SUBSCRIPTION,ESCALATE,Cannot connect Family Premium account
1096831,@SpotifyCares I need to speak to someone in the charity department as soon as possible. Can you please help?,@378825 Hi there! We'd recommend visiting this site for more info: https://t.co/f8mbqWWue5 /NQ,OTHER,AUTO_HANDLE,Charity department contact request
1591187,"@SpotifyCares Thanks, that looks to have fixed it. Hopefully it won’t reoccur. Any ETA on an iPhone X update?","@328379 No worries! Glad to hear it's working. Also, we're afraid we currently don't have any info to share about the iPhone X update /JS",FEATURE_REQUEST,AUTO_HANDLE,iPhone X update request
1854541,"@SpotifyCares iPhone 6s, iOS 9 and version 8.4.22.515","@554861 Got it. Is this happening on 3G/4G, WiFi, or both? Does restarting your device by holding Home + Lock for 10 seconds help at all? /KB",PLAYBACK_TECHNICAL,AUTO_HANDLE,iPhone technical troubleshooting
351223,@SpotifyCares Why,"@199558 1. Thanks for the screenshot. To clear things up, merging one playlist to another hasn't been a feature of the app, but... /KM",FEATURE_REQUEST,AUTO_HANDLE,Playlist merging feature question
566298,@115888 not syncing between my iPhone and @115821 Alexa :(,"@252753 Hey Emma, help's here! Can you let us know your iOS and Spotify versions? We'll see what we can suggest /MG",PLAYBACK_TECHNICAL,AUTO_HANDLE,iPhone and Alexa not syncing
1366580,"Hey @SpotifyCares someone is using my Spotify account on devices I don't recognize, I think I may have been hacked. Help?","@438120 Hi Alex, we’re sorry to hear that. Check out https://t.co/QHn3ok8y2n for what to do next /JQ",ACCOUNT_ACCESS,ESCALATE,Unrecognized devices and possible hacked account
2751283,@SpotifyCares 11.1.2,@770256 Thanks! Can you try logging out and back in to the app? Does restarting your device help? /CH,PLAYBACK_TECHNICAL,AUTO_HANDLE,Technical troubleshooting context
2920702,"@SpotifyCares I need help deleting a duplicate spotify artist account and merging ""Appears on"" to the new verified account @151631 can anyone help? #Lost",@808347 Hey! Our friends in Artist Support are the right folks to help with this. You can get in touch with them by heading to https://t.co/41wf7ozbVm. We're here for you if there's anything else /YM,OTHER,ESCALATE,Artist account deletion and merging request
2121158,@115888 Why would u suggest me this shit when Im tryin to play Chief Keef ? Ur supposed to suggest me related artists/songs u stupid cunt. https://t.co/Xneocqkokb,"@624965 Hi there! To reduce the number of Suggested Tracks you get, try adding more artists into your playlists. Hope this info helps /DR",PLAYBACK_TECHNICAL,AUTO_HANDLE,Irrelevant suggested songs
2609419,@SpotifyCares I just got an email saying it was a receipt. I still haven't been able to listen to a single song. What screen shots am I supposed to get again? I if I find I have been billed again to be correct with an UNUSABLE DESTROYED ACCOUNT. THEN I'VE HAD ENOUGH,"@287348 Don't worry, we'll be sure to get this cleared up for you. We've sent over a DM with more help. Reply there when you get the chance! /J",BILLING_SUBSCRIPTION,ESCALATE,Billing concern and unusable account
153760,"@115888 i have lost username, email amd password of my spotify premium account, can you help me please?","@151202 Hey there, helps here! Could you send us a DM with the first 6 and last 4 of your payment form? For security purposes, be sure you don't send the full card number. We'll take a look backstage and get back to you in a beat /ZO https://t.co/ldFdZRiNAt",ACCOUNT_ACCESS,ESCALATE,Lost username email and password
557258,"@SpotifyCares Hi. As of a few days ago, my Android Spotify app will no longer send music to my Sonos system. It shows the devices, selecting them does nothing. The Sonos app can send to Sonos.  I uninstalled and reinstalled both apps.","@250120 Hi Ron! Our best tech folks are on the case as we speak. Hopefully, we'll have a fix soon 🔧 /RR",PLAYBACK_TECHNICAL,ESCALATE,Sonos connection fails after reinstall
2414533,@115888 @SpotifyCares second iOS update and still no iPhone X support 🤦🏻‍♂️,@694027 Hey there! We understand - we’re working on it as we speak. Be sure to stay tuned /CG,FEATURE_REQUEST,AUTO_HANDLE,iPhone X support complaint
2448598,@117168 argh. I can’t reset my password,@701861 Hey Stephanie! The cavalry's here. Could you DM us your account's email address? We'll take a look under the hood /KB https://t.co/ldFdZRiNAt,ACCOUNT_ACCESS,ESCALATE,Cannot reset password
894354,"@SpotifyCares hi I’ve just set up a family premium account in the wrong name, can I change this?","@332350 Hey, help's here! Could you send us a DM with your account's username or email address? We'll take a look backstage 🔍 /DB https://t.co/ldFdZRiNAt",BILLING_SUBSCRIPTION,ESCALATE,Family Premium account set up in wrong name
1942518,"@115888 I would but I don't wanna pay for Spotify AND Hulu.. I thought that if you're paying for Spotify, Hulu is free but I guess not.",@578183 2. There's more info about it here: https://t.co/hAqefUikr2. Give us a shout if you have other questions 🙂 /AY,BILLING_SUBSCRIPTION,AUTO_HANDLE,Spotify and Hulu bundle question
1648687,@115888 City University of Seattle is still not listed in Canada https://t.co/APA4L3VMsb,@491765 Thanks for the update. Can you DM us your account's email address? We'll take a look backstage /MG https://t.co/ldFdZRiNAt,BILLING_SUBSCRIPTION,ESCALATE,University not listed for student plan
2251325,@SpotifyCares when will reputation be available to stream??,"@655857 Hi! Taylor Swift's 'Reputation' isn't available to stream just yet – stay tuned. For now, check out the singles: https://t.co/3h0TnPWP0c /AU",CONTENT_AVAILABILITY,AUTO_HANDLE,Album streaming availability question
2046561,@SpotifyCares put back Player - Baby Come Back on spotify im begging you PLEASe,"@605257 Hey, help's here! Fingers crossed we'll be able to have it soon, but there's info about Spotify content here: https://t.co/MEjmIRL2eB /JQ",CONTENT_AVAILABILITY,AUTO_HANDLE,Request to restore removed song
1936034,"@115888 Android had just stopped casting your app. Tried everything. Can you speak to YouTube, which works flawlessly.","@575998 Hi Sam, help's here! Can you DM us your account's username and email address? We'll do some digging /TY https://t.co/ldFdZRiNAt",PLAYBACK_TECHNICAL,ESCALATE,Android casting problem after troubleshooting
2616828,@SpotifyCares had to cancel my premium because I’m unable to update cc info from an old card! Help?!,"@739621 Hi Joy! Don't worry, we can help. Can you fire over your account's email address via DM? We'll check under the hood and see what we can suggest /NY https://t.co/ldFdZRiNAt",BILLING_SUBSCRIPTION,ESCALATE,Cannot update credit card for Premium
73729,@SpotifyCares Only just saw this reply. It was both on my phone (android nexus 5x) and laptop (macbook pro). Tried multiple networks too. But it seems to have resolved itself now. Thanks anyway!,@132493 That's great to hear! Let us know if there's anything else we can help you with. Have a... https://t.co/fOHcTvQJC3 💚 /JP,OTHER,AUTO_HANDLE,Technical issue resolved itself
784246,"Had @115888 for 5 years, canceling my subscription. WORST customer service ive ever had. About to get @115948",@194240 Sorry for the wait. We've just replied to your DM. Can you check your Messages again? /CM,BILLING_SUBSCRIPTION,ESCALATE,Customer cancelling after support problem
1541250,@115888 The idea of having limited skips in the 1st place is pathetic. Its a 'free' streaming app that forces u 2 listen to songs you didnt click on,"@477646 2: number of Suggested Tracks you're getting, try adding more artists into your playlists. We hope that helps /JM",PLAYBACK_TECHNICAL,AUTO_HANDLE,Limited skips and suggested tracks complaint
206600,@115888 can I download albums to hear offline at the computer or this is available only to playlists?,@164933 Hey there! You'll need to put the tracks in a playlist to set them offline. More info here: https://t.co/1z13MJsB33 /NQ,DOWNLOAD_OFFLINE,AUTO_HANDLE,Offline album download question
1234886,@115888 I think there is a mistake. Why is @22393 the icon of @364751 ? I know #reputation era is dark but err... #taylorswift #oops https://t.co/iZRaAkRR4J,@409642 Hey there! That doesn't seem right. Could you try logging out &gt; logging back in? Let us know how that goes 🙂 /CG,CONTENT_AVAILABILITY,AUTO_HANDLE,Incorrect artist or album artwork
2047806,@115888 please update your podcasts. I need my @12743 fix!,"@605608 1. Hey Rich! Licensing and ownership constraints also apply to non-musical content, such as podcasts and videos. Don't worry, we'll...",CONTENT_AVAILABILITY,AUTO_HANDLE,Podcast content update request
2777736,@SpotifyCares Yes,@769806 We've just sent another reply via DM! Let's continue chatting there /JL,OTHER,AUTO_HANDLE,Simple acknowledgement in support conversation
2813985,When you really need to listen to music for sanity purposes and @115888 won't load....,"@784572 Hi there, that doesn't sound good! Does restarting your device help at all? Also, is this happening over 3G/4G, WiFi, or both? Keep us posted /AK",PLAYBACK_TECHNICAL,AUTO_HANDLE,Spotify will not load
648665,@SpotifyCares Put All Night By Steve Aoki and Lauren Jauregui on Today's Top Hits :),"@274165 Hey there! Thanks for the feedback. Our Curation team is independent. They use taste, data, research, and trends to create playlists, but we’ll pass on your suggestion. Just give us a shout if there's anything else 🙂 /PC",FEATURE_REQUEST,AUTO_HANDLE,Request to add song to curated playlist
1988904,"@SpotifyCares one of my albums I'd accidentally listed under ""singles"" on my artist page. How can I fix that?",@588654 Hi Jesse! Our friends in Artist Support are the right folks to help with this. Get in touch with them here: https://t.co/p1wbtdELHu 💚 /NG,OTHER,ESCALATE,Artist page metadata issue
48577,"My ""Discover"" playlist on Spotify today is just loads of covers of Harvest Moon by Neil Young.","@126822 2: your tastes next week. If anything else comes up, we're just a tweet away 🙂 /NG",PLAYBACK_TECHNICAL,AUTO_HANDLE,Discover playlist recommendation problem
2899864,@SpotifyCares Only been waiting 5 years!!!,"@129061 We hear you loud and clear! We can’t make any promises but we’ll pass your feedback onto the right folks. In the meantime, let us know if you need help with anything else /GU",FEATURE_REQUEST,AUTO_HANDLE,Long-standing feature request follow-up
452110,@115888 misleads you to buy 3 months premium for 9php then charges you 129. No where on the payment page tells you that if you charge it to your phone credits it will charge 129 instead of the 9php as advertised. That's just bad business practice tsk.,@222240 Hi! Help's here. Could you DM us your account's email address? We'll take a look backstage /AU https://t.co/ldFdZRiNAt,BILLING_SUBSCRIPTION,ESCALATE,Promotional price differs from actual charge
2031969,"@SpotifyCares honestly, how were you guys not prepared for iPhone X launch? From a technical perspective, the changes aren’t that hard.","@435643 Hi Michael. We're sorry you feel that way. We appreciate your feedback on this, and we'll be sure to pass it on to the right folks /LM",FEATURE_REQUEST,AUTO_HANDLE,iPhone X support complaint
2580777,@115888 why are you suggesting Taylor Swift in my Jojo's Bizzare Adventure OST playlist,"@731482 Hey Stephen! To reduce the number of Suggested Tracks you get, try adding more artists into your playlists. Let us know if there's anything else /AP",PLAYBACK_TECHNICAL,AUTO_HANDLE,Unwanted suggested artist
634352,@SpotifyCares Does Spotify Mac do a fade in on play if it’s been idle for a while or is it my amp? Cross fade tracks is off in the settings.,"@270402 Hi Joris, help's arrived! Just to check, do you hear fade in while playing music on other speakers? Let us know /TY",PLAYBACK_TECHNICAL,AUTO_HANDLE,Unexpected audio fade behavior
854762,@SpotifyCares I have NEW LIFE thanks to you! This seems to have worked!! Very thankful for your popping into my feed!,"@323004 Awesome! We're glad that did the trick. If you ever need help with anything else, you know where to find us /QI",OTHER,AUTO_HANDLE,Solution worked and customer thanks
2031837,@SpotifyCares I'm being charged full amount and I have student payment set up. Help,"@600810 Hey Katie, we've come to the rescue! Could you DM us your account's username or email address? We'll check backstage /RE https://t.co/ldFdZRiNAt",BILLING_SUBSCRIPTION,ESCALATE,Student customer charged full price
1834566,"@SpotifyCares Galaxy s7 active, andriod https://t.co/wtAZr6nNUP","@550247 Can you let us know the exact Android version on your phone? Also, is this happening on specific tracks? We'll get to the bottom of this /LP",PLAYBACK_TECHNICAL,AUTO_HANDLE,Device information for technical issue
2714238,@SpotifyCares Yes,@761956 That's strange. We'll get this passed on to our devs so they can look into it. Give us a shout if you need anything else /CP,OTHER,AUTO_HANDLE,Short follow-up with insufficient standalone context
2689073,so uHhhHh @115888 ever gonna let me listen to hello by seventeen,"@610741 Hey Alma! Fingers crossed we'll be able to have it available soon, but there's info about Spotify content here: https://t.co/0i8GpimuDa /JT",CONTENT_AVAILABILITY,AUTO_HANDLE,Song availability request
2919401,"Spotify is down..

And that right there is the problem with streaming music.",@808045 Hey Ashley! Everything should be running smoothly now. Let us know if this is still happening /FR,PLAYBACK_TECHNICAL,AUTO_HANDLE,Spotify service outage
2580699,@SpotifyCares im using mac,@501686 Thanks! Can you also give us some info about what's going on? /RB,PLAYBACK_TECHNICAL,AUTO_HANDLE,Mac device information for technical issue
1509483,@SpotifyCares Many thanks,"@470370 No worries! If you ever need us again, we'd be... https://t.co/LgAM6ky9Vv 🙂 /MU",OTHER,AUTO_HANDLE,Customer thanks support
1930000,@115888 when are you gonna make a move to Asian countries?,@574325 Hey Antony! We're launching in new countries as often as possible. Be sure to add your email at https://t.co/X8DVSX9QgM /MX,CONTENT_AVAILABILITY,AUTO_HANDLE,Spotify availability in Asian countries
86373,humankind needs lyrics on @115888,"@134858 Hi Frederick! We totally agree. If you’re Premium, you can connect your Spotify account to the Musixmatch mobile app to enjoy lyrics: https://t.co/SyGMWOjGoe /QI",FEATURE_REQUEST,AUTO_HANDLE,Lyrics feature request
993088,"@SpotifyCares Hiya, the Android app seems to glitch yet again after the latest update. All of my saved songs gone. Having to re-download 20 GB worth of music every time there's an update is no fun. Hope it gets resolved soon!","@355248 Hey there, we're here to help! Could you DM us with your account's username and email address? We'll take a look /TB",DOWNLOAD_OFFLINE,ESCALATE,Saved songs disappear after app update
1818441,"@SpotifyCares on your UK website, the renewal date is using US formatting https://t.co/aqfk1Kci9m","@546211 Hi Joylon! Thanks for the heads-up. Not to worry, your feedback is noted and passed on to the right team. Anything else, let us know /NY",FEATURE_REQUEST,AUTO_HANDLE,UK renewal date formatting feedback
363817,@115888 HEY HAVING A LOGIN SCREEN ON MOBILE THAT'S VERY RAPIDLY FLASHING PURPLE / BLACK IS A VERY BAD IDEA,@202223 Hey Jamie! That doesn't sound good. Can you send us a screenshot of what you're seeing? We'll see what we can suggest /SU,PLAYBACK_TECHNICAL,AUTO_HANDLE,Login screen flashing visual bug
1580648,@SpotifyCares please help me cancel my payments for an account I do not have access to. Also get a customer service number if you won’t help,@486668 Hey Brandon! We've already sent a response to you via DM. Let's continue chatting there 🙂 /CH,BILLING_SUBSCRIPTION,ESCALATE,Cancel payments for inaccessible account
1281606,@SpotifyCares Just tried on my tablet. Songs played fine. Went back to phone. Makes a skip like every 2 seconds.,@419844 Got it. Could you DM us your username and email address? We'll take a look backstage /JQ https://t.co/ldFdZRiNAt,PLAYBACK_TECHNICAL,ESCALATE,Songs repeatedly skipping on phone
656468,@SpotifyCares when does the offer to get 3 months of premium for $9.99 expire?,"@219895 Hey there, the offer will end on the 31st of Dec 2017. Strike while the iron's hot! 🔥 /SY",BILLING_SUBSCRIPTION,AUTO_HANDLE,Premium promotional offer expiry question
2647460,omg like why isn't the whole believe album on spotify yet plz it's 2017 @115888,"@746949 Hey, we’ll have it available to you as soon as it’s available to us! https://t.co/0i8GpimuDa /RB",CONTENT_AVAILABILITY,AUTO_HANDLE,Album not fully available
1780674,"@SpotifyCares Just migrated from Groove Music and subscribed to Spotify, under 30-day free trial now. How do I avail of the 60-day trial?",@534988 2: signed up for the 30-day trial. Can you DM us your account's email address? We'll take a look backstage /SJ https://t.co/ldFdZRiNAt,BILLING_SUBSCRIPTION,ESCALATE,Free trial eligibility question
42722,@SpotifyCares It sometimes takes forever to scroll ALL the way down to get to the singles. Just make an option to go straight to singles.,"@125449 2: our Community: https://t.co/YvOp6xWJrG. If you need anything else, just let us know /MC",FEATURE_REQUEST,AUTO_HANDLE,Shortcut to artist singles request
2011751,"@SpotifyCares Train tickets, With very loud horns. Oh and visit some place somewhere. I switch off once is says listen to this... And thanks for listening","@594886 Got it. Just to check, did you definitely watch the video ad that grants 30 minutes of ad-free listening in full? Keep us in the loop /NY",PLAYBACK_TECHNICAL,AUTO_HANDLE,Ad-free listening not working as expected
2303688,"Hey @115888 
So my friends and I are trying to create a family account, but i don't get the mail to accept. How can we change that?",@668450 Hi Emil! We've just sent you a DM 🙂 /QI,BILLING_SUBSCRIPTION,ESCALATE,Family invitation email not received
1333631,@SpotifyCares none of these apply and it's a brand new phone. Playlists always stay downloaded but album downloads disappear! So very annoying!,@431116 2: The steps are here: https://t.co/EqisDMwZAT. You can resync your music afterwards. Let us know how it goes /NY,DOWNLOAD_OFFLINE,AUTO_HANDLE,Album downloads repeatedly disappear
945593,"@SpotifyCares I accidentally registered for a premium subscription for 1 year, Can I cancel it? I intend to try the free 1 month subscriptio",@344223 Hey there! Can you DM us your account's email address or username? We'll take a look backstage /RH https://t.co/ldFdZRiNAt,BILLING_SUBSCRIPTION,ESCALATE,Accidental annual Premium subscription cancellation
2272756,@SpotifyCares Yea that’s exactly what I ended up doing !! :$,@407803 Hey there! Is the issue still happening? Keep us posted /DF,OTHER,AUTO_HANDLE,Customer follow-up acknowledgement
908507,@117153 @SpotifyCares Still can’t access my premium,"@560093 Hey, help's here! Can you DM us your account's username or email address? We'll take a look under the hood /RS https://t.co/ldFdZRiNAt",BILLING_SUBSCRIPTION,ESCALATE,Cannot access Premium account
2653205,@SpotifyCares I have 8.4.28.1104 now :),"@748243 Great! The newest version of Spotify should support the iPhone X. Can you try logging out, restarting your phone, and logging back in? Let us know how it goes /DD",PLAYBACK_TECHNICAL,AUTO_HANDLE,Updated app and iPhone X troubleshooting
255598,@115888 how many devices with downloaded music can I have with a premium account? Thanks!,"@176787 Hi Edu! You can download up to 3,333 songs per device, on a maximum of 3 devices. More info here: https://t.co/WSjJgGAmPy /AU",DOWNLOAD_OFFLINE,AUTO_HANDLE,Premium download device limit question
1956239,@SpotifyCares … I could star 4-5 tracks from the list. Now it’s rarely more than max 1. And often zero,@580566 Sorry to hear that! Your Discover Weekly should improve as it gets to know you. Keep adding your fav tracks to Your Library/playlists 🙂 /ND,FEATURE_REQUEST,AUTO_HANDLE,Discover Weekly recommendation feedback
