tweet_id,customer_message,brand_reply
1580648,@SpotifyCares please help me cancel my payments for an account I do not have access to. Also get a customer service number if you won’t help,@486668 Hey Brandon! We've already sent a response to you via DM. Let's continue chatting there 🙂 /CH
2118668,@SpotifyCares for DVSN plsss and thank you,@624384 Thanks. Pre-sale codes are being sent out by email to some of DVSN's biggest fans on Spotify. Hopefully you're one of them! /XF
1649299,"@SpotifyCares Hey, I sent a DM. Please check. Thank you!",@503793 Hey there! We've just sent you a DM 🙂 /DF
2690054,@SpotifyCares it’s been over 2 months 🤧,"@756275 Hey Joanna, we hear you! Sometimes content gets temporarily removed because of licensing changes. Hopefully we'll have it available again soon /TB"
1421482,@SpotifyCares And I love the feature on my other devices! Which is why I want it on more! :P thanks again!,"@123421 You're welcome! For anything else, just give us a shout. https://t.co/uEkAlnxbzn 🙂 /MU"
2653229,"@117168 , I have a technical (read: problem) question that is not covered in your FAQ regarding downloaded playlists on my mobile device. Why do they keep becoming UN-DOWNLOADED?",@748250 Hi! We've just sent you a bit more info over DM. We'll carry on helping out there /MG
1772017,"@SpotifyCares Thanks! it's working now!!! if i encounter a problem again, i will DM you guys! cheers! 😊",@532607 Great! Glad to hear it's now working. Just let us know if we can help with anything else. https://t.co/m4HWSbgHVZ /FR
1345787,"If y’all really care, I need a dislike button to keep artists and songs I don’t like away from my curated playlists @SpotifyCares @115888",@416158 Hey Chris! We can see how that’d be useful! You can vote for the official idea here: https://t.co/llJeAWnvFA. Stay awesome /ND
1541250,@115888 The idea of having limited skips in the 1st place is pathetic. Its a 'free' streaming app that forces u 2 listen to songs you didnt click on,"@477646 2: number of Suggested Tracks you're getting, try adding more artists into your playlists. We hope that helps /JM"
1415340,@448914 @117153 @SpotifyCares Did they resolve You?,@448913 @448914 @117153 Hi! We've just sent you a bit more info over DM. We'll carry on helping out there /RB
1887926,@115888 You have an atrocious set up there’s no way to organize songs within a playlist time to shop for another provider,"@386359 2: We'll also pass your feedback onto the relevant folks. If there's anything else, just give us a shout /LO"
1670612,"@SpotifyCares a double reinstall seemed to fix it (at least for now). Still don't know what caused it, but thanks!","@508555 You're welcome! If you need us again, you know where to find us. Keep on rocking and https://t.co/mJs5KObHO4 🎶 /RC"
688095,"@115888 I paid it already, but my account is still free account. Can help with my problem? Purchase no __credit_card__",@724806 Hey! The cavalry's here. Can you DM us your account's username or email address? We'll take a look under the hood /JS https://t.co/ldFdZRiNAt
1942518,"@115888 I would but I don't wanna pay for Spotify AND Hulu.. I thought that if you're paying for Spotify, Hulu is free but I guess not.",@578183 2. There's more info about it here: https://t.co/hAqefUikr2. Give us a shout if you have other questions 🙂 /AY
1798076,https://t.co/Ksa5JJKJh7 Futura Grammy Winner.,"@540274 Hey! Our Curation team are independent &amp; use taste, data, research, and trends to create playlists, but we’ll pass on your suggestion /TB"
2011751,"@SpotifyCares Train tickets, With very loud horns. Oh and visit some place somewhere. I switch off once is says listen to this... And thanks for listening","@594886 Got it. Just to check, did you definitely watch the video ad that grants 30 minutes of ad-free listening in full? Keep us in the loop /NY"
2653205,@SpotifyCares I have 8.4.28.1104 now :),"@748243 Great! The newest version of Spotify should support the iPhone X. Can you try logging out, restarting your phone, and logging back in? Let us know how it goes /DD"
2309917,"@SpotifyCares Hi, I have been charged when I was expecting a free trial. I have sent a DM with my email address and more information :)",@669940 Hi there! We just replied to your DM. Let's keep chatting there /WW
848566,"@SpotifyCares Yes, I have the IPhone 7, 11.0.3. My Spotify version is 8.4.22. Thanks",@321658 Got it. Are you getting any error messages when playing songs? Can you send us a screenshot of this? /JP
1075199,@SpotifyCares SOS! Tried to make a student account with my new student email and it says it is already taken!!!,"@373688 Hey Adrianna, help's here! Can you DM us your email address? We'll take a look backstage /JP https://t.co/ldFdZRiNAt"
1812588,"@SpotifyCares Right now, I can't sign up for whatever reason. I meet all the criteria for me to sign in, but I can't. Hope to fix this soon",@544543 Hey John! Help's here. Can you DM us your account's username or email address? We'll take a look backstage /TC https://t.co/ldFdZRiNAt
1078970,@SpotifyCares Hey folks! Why are different songs sneaking into my Playlist when I'm playing on mobile? Happened on Album AND Playlist....,"@374521 Hey James! You must be getting Suggested Tracks, and they're part of our Free service on mobile. More info here: https://t.co/Uv9kyGcsCc /SY"
1257215,@SpotifyCares Hi thanks yes I found that. I changed payment AND country but it still says the old country in my account. Any ideas?,@414613 Hmm. Can you DM us your account's username or email address? We'll take a look backstage /TC https://t.co/ldFdZRiNAt
2647479,@115888 I’m just trying to cancel my premium bro. https://t.co/Vj1D5bEHMz,"@746956 Hey Shakur, help's arrived! Can you DM us your account's email address? We'll take a look backstage /DD https://t.co/ldFdZRiNAt"
2807573,@SpotifyCares check ya dm,@783006 Hi there! We've just sent you a bit more info over DM. We'll carry on helping out there /NQ
742598,Hi @SpotifyCares quick ?  have you removed the preview feature from your iOS app ? ie long press a track and it plays.,@297560 Hey Andrew! We have more info about this here: https://t.co/pXBCq8GlsI /CP
58943,"@SpotifyCares Hi, I can't seem to download songs in my tablet even though I can on my phone. The app looks completely different. Please help","@129424 Hi Rob, help's here! Can you let us know your device's model, OS, and Spotify version? We'll see what we can suggest /DV"
2517304,@117153 Trying to sign up with an email but after filling everything out the screen stays the same and the loading circle just keeps spinning. Then the verification box expires during the loading... I have tried refreshing and retrying 3 times now... #help,"@717070 Hey! We suggest using an incognito window, then heading to https://t.co/GdLO1Hvs9l so you can create an account. Hope this helps /JL"
680587,"@SpotifyCares Hi, someone else in my building keeps changing over the device to their fire tv stick and I'd like it blocked, thank you.","@282397 Hi Ben, help's arrived! Can you DM us your account's email address? We'll take a look backstage /DV https://t.co/ldFdZRiNAt"
540351,@SpotifyCares That link worked - thank you!,"@245355 Awesome! You can now enjoy a full year of tunes without thinking about a monthly bill. If you ever need help with anything else, you know where to find us /QI"
572065,"@SpotifyCares So, when do you think this will happen? Would really like to run to Spotify on my Apple Watch @115858 @115888","@254421 Hey there! We're afraid we don’t have any new info to share about this, but we’ll remind the team it’s a popular request /NQ"
1859318,@SpotifyCares Regardless that didn't work AND it deleted all my downloaded music. Thanks for that...,@477718 We're sorry to hear about that. No worries. Can you DM us your account's email address? We'll take a look backstage /DV https://t.co/ldFdZRiNAt
1867352,@115888 disgusting customer services. Charged me twice for 2 mths then after cancelling still took another payment. Now refusing to refund,"@557835 Hey, help's here! Could you send us a DM with your account's email address or username? We'll take a look backstage /CO https://t.co/ldFdZRiNAt"
2225590,Unfortunately #Reputation is not yet on @115888 but very pleased to see such strong reviews for it ✔,"@649699 We’d love to have all of her stuff available, but we have some info about content here: https://t.co/0i8GpimuDa /JN"
1788202,@SpotifyCares Its annoying when you cant login or CHANGE YOUR PASSWORD.. seems like a website issue..,"@519156 Hey Matt, help's here! Can you DM us your account's email address and username? We'll take a look backstage 🙂 /CG https://t.co/ldFdZRiNAt"
1092734,@SpotifyCares It’s something Rdio did. And I miss it deeply while scrolling past the Taylor Swift releases.,"@377878 We hear you loud and clear. Rest assured, your feedback will be passed on to the right folks /JI"
2596645,"@SpotifyCares I just create an premium account with student pack. My credit card has been debit but my spotify account stay in « free », help me please","@735204 Hi Simon, help's here! Could you DM us your username and email address? We'll take a look under the hood 🔍 /JQ https://t.co/ldFdZRiNAt"
2780863,"@SpotifyCares Uninstalled, rebooted, reinstalled and now it appears stable. I can switch between artists (and have done many many times now) and its not crashed yet. So - sorted! Thanks.","@776668 Great! Glad to hear it's working again. If you ever need us again, just shout 🙂 /K"
1957164,@125633 hiiii how could we be on a cool @115888 rock playlist pls?,@580762 Hi! Our Curation team are independent so there's no formal submission process. Check out https://t.co/6BMOmfiZvQ to help gain visibility /SP
622887,"Hey @115888 - if you’re not gonna let me take advantage of your latest special offer, kindly refrain from sending it to me. #tease",@267855 Hey! That doesn’t sound right. Could you DM us your account's email address and a screenshot of the email/notification? /QI https://t.co/ldFdZRiNAt
1780674,"@SpotifyCares Just migrated from Groove Music and subscribed to Spotify, under 30-day free trial now. How do I avail of the 60-day trial?",@534988 2: signed up for the 30-day trial. Can you DM us your account's email address? We'll take a look backstage /SJ https://t.co/ldFdZRiNAt
2309928,@115888 @spotifycares please tell me someone is looking into this.  https://t.co/hq6f8GtZ5A,"@669944 Hey there! Don't worry, we're on it. Our developers are looking into this, and we'll keep everyone updated /GU"
2970794,"@SpotifyCares If this actually happens, please let me know ❤️ I love you more than you can ever know","@819437 No worries. Just let us know if there's anything else. In the meantime, keep in mind that... https://t.co/fQMk2dH3sI 🙂 /NQ"
863701,@SpotifyCares It should be set to US,"@325112 Got it. We’d love to have all of his music available for you, but we have some info about content here: https://t.co/0i8GpimuDa /JU"
2031837,@SpotifyCares I'm being charged full amount and I have student payment set up. Help,"@600810 Hey Katie, we've come to the rescue! Could you DM us your account's username or email address? We'll check backstage /RE https://t.co/ldFdZRiNAt"
656468,@SpotifyCares when does the offer to get 3 months of premium for $9.99 expire?,"@219895 Hey there, the offer will end on the 31st of Dec 2017. Strike while the iron's hot! 🔥 /SY"
2303688,"Hey @115888 
So my friends and I are trying to create a family account, but i don't get the mail to accept. How can we change that?",@668450 Hi Emil! We've just sent you a DM 🙂 /QI
2301135,@115888 no seriously when can I️ start streaming new T-Swizzle,"@667856 We hear you! We don't have any news on this right now, but we'll have it available to you as soon as it's available to us 🙂 /TB"
315131,Okay. Found out they weren’t deleted but were moved to my other page. Why? @115888,@191232 Hey there! Can you let us know what happened exactly? We'll look into it /GS
1167958,"@SpotifyCares i can't search for artists, I can't play songs and everything takes AGES to load and whatever I'm trying to do doesn't work",@394723 Got it. We've just replied to your DM. Let's carry on chatting there /DV
2121158,@115888 Why would u suggest me this shit when Im tryin to play Chief Keef ? Ur supposed to suggest me related artists/songs u stupid cunt. https://t.co/Xneocqkokb,"@624965 Hi there! To reduce the number of Suggested Tracks you get, try adding more artists into your playlists. Hope this info helps /DR"
808329,"@SpotifyCares yep, but iys haooen too often",@312606 Is this happening to this album alone? Could you check other tracks/albums as well? We'll wait for your reply /JP
2916549,@spotifycares &amp; @115888 at least twice a week your webplayer craps out on me. today the entire site is down. i want some free months on my account b/c this service is not worth what i'm paying.,"@351439 Hey! We had a little hiccup backstage, but it should be working now. We're here if you need us /JS"
2259714,"@SpotifyCares Honestly, I might just be done with @115888 for this. You just ruined my giving my daughter something really cool.",@658002 2: us a DM with both of your email addresses or usernames? We'll take a look backstage /LO https://t.co/ldFdZRiNAt
797566,"@SpotifyCares please help, I brought premium package but I can’t share my spotify to another it’s error when they’re register account :(",@310148 Hey! Help's here. Can you DM us your account's email address and tell us more about what's happening? We'll see what we can suggest /RA https://t.co/ldFdZRiNAt
2689681,@115888 why don't you have an Apple watch app?!,@756191 Hey! Check out the official idea and add your vote to let our devs know it's something you'd like to see: https://t.co/SEK4E4gi22 /BD
2176141,@SpotifyCares Your samsung ad loads but doesn't play permanently disabling the stream.,"@637942 Hey there! That doesn't sound good. Can you let us know the device, operating system, and app version you're using? We'll see what we can suggest /PB"
2509501,Truly offended by my @115888 Discover Weekly playlist this week. Bob Weir? Joe Walsh? Traffic? Little Feat? Seriously GTFO of here,"@715372 Hi Michael. Discover Weekly is based on what you, and others like you, are listening to. Hopefully it’s more in tune with your tastes next week! Give us a shout if you need anything else /DN"
1234886,@115888 I think there is a mistake. Why is @22393 the icon of @364751 ? I know #reputation era is dark but err... #taylorswift #oops https://t.co/iZRaAkRR4J,@409642 Hey there! That doesn't seem right. Could you try logging out &gt; logging back in? Let us know how that goes 🙂 /CG
42722,@SpotifyCares It sometimes takes forever to scroll ALL the way down to get to the singles. Just make an option to go straight to singles.,"@125449 2: our Community: https://t.co/YvOp6xWJrG. If you need anything else, just let us know /MC"
2919401,"Spotify is down..

And that right there is the problem with streaming music.",@808045 Hey Ashley! Everything should be running smoothly now. Let us know if this is still happening /FR
2011750,"So @115888 work this out, ""listen 2 the short advert n get 30min ad free music"" 6 min later ""listen.."" repeat. (also add ad is listened to)","@594886 Hey, that doesn't sound good! Did the app crash at any point during the 30 minutes? That can cause the ad-free time to reset /NY"
1591187,"@SpotifyCares Thanks, that looks to have fixed it. Hopefully it won’t reoccur. Any ETA on an iPhone X update?","@328379 No worries! Glad to hear it's working. Also, we're afraid we currently don't have any info to share about the iPhone X update /JS"
48577,"My ""Discover"" playlist on Spotify today is just loads of covers of Harvest Moon by Neil Young.","@126822 2: your tastes next week. If anything else comes up, we're just a tweet away 🙂 /NG"
2294625,"@115888 why did my music go from 1,600 songs to 100","@666304 Hey there! Don't worry, help's here. Can you DM us your account's email address or username? We'll take a look backstage /MT https://t.co/ldFdZRiNAt"
2689073,so uHhhHh @115888 ever gonna let me listen to hello by seventeen,"@610741 Hey Alma! Fingers crossed we'll be able to have it available soon, but there's info about Spotify content here: https://t.co/0i8GpimuDa /JT"
2059670,"@115888 a HIGH volume of songs do not contain a clean version, why is this? Please respond within 24hrs or I must move to @115948. Thnx",@609145 Hey! Where possible we have both versions available. More info here: https://t.co/uKBxlsmKqi /RB
628113,Hi @118266 untuk promo 3 bulan 49.900 berlaku untuk yg sdh pernah pakai premium gak ya? Atau utk pelanggan baru saja?,@268783 Hi again! We hope you don't mind us replying in English. Can you DM us your account's email address or username? We'll take a look backstage /JE https://t.co/ldFdZRiNAt
2645730,@116130 hey do youse know when the perfect velvet album will be on spotify? thank youuu,"@746461 Hi there! We’ll have it available to you as soon as it’s available to us! https://t.co/0i8GpimuDa. For now, let us know if you have other questions /GT"
911256,Hi @115888 @SpotifyCares be cool to be able to share folders via URL...? #please?,@336433 We can see how that’d be useful! Suggest it in our Community where you can get support from other fans: https://t.co/WgY7GXI7jf /JN
806564,@SpotifyCares FYI the update you put out yesterday didn’t correct the issue 😡😡😡😡,@311994 Sorry to hear about that. Could you try reinstalling the app? Just follow the steps at https://t.co/46sWVpIvlI. Any better? /JP
1520005,"@SpotifyCares Hi, my account suddenly get upgraded to family account. Thankfully i realized before i get the bill. How can it happened? I'm seeing that many people got the same problem. Are you trying to rob us?","@472542 Hi, help's here! Can you DM us your account's username and email address? We'll check it out 🔍 /TR https://t.co/ldFdZRiNAt"
2234730,@651828 @115888 @SpotifyCares Apps have been updated since before the iPhone X was even released. Using a robot to respond to customers is just pissing people off even more spitting out the same responses to customers,"@432371 2: If there's one thing we can guarantee, is that we're not robots. Let us know if we can help anything else /MU"
1789409,I get my verification yet it gives me access to the wrong artist page. Also my music is under the same incorrect artist name. Thx @115888,@537517 Hey there! We’d recommend reaching out to your distributor. They'll work with our team to make sure your artist page gets fixed up /CG
1933442,"@SpotifyCares just joined family premium and sent an invite, my family member has clicked accept invite link in email but nothing happens?",@575327 Hey David! Can you DM us your account's username and email address? We'll also need the same for your family member /JL https://t.co/ldFdZRiNAt
637726,@SpotifyCares Okay Spotify,@271218 Great! Feel free to send a tweet our way if you need help with anything else /JI
622999,"@SpotifyCares Hey I work at starbucks, but for some reason I cant get my free spotify premium, it always gives me an error","@267876 Hey there! As a Starbucks Partner, you can find out how to start or manage your subscription by heading to the Starbucks Partner Hub or Retail Portal. You can also call the PCC Center on 1866-504-7368. Let us know if you need help with anything else /BP"
206600,@115888 can I download albums to hear offline at the computer or this is available only to playlists?,@164933 Hey there! You'll need to put the tracks in a playlist to set them offline. More info here: https://t.co/1z13MJsB33 /NQ
2749469,@SpotifyCares Samsung galaxy tablet all updated versions.,@769808 Thanks. Does logging out &gt; restarting your device &gt; logging back in make any difference? /AN
2251476,"@SpotifyCares is it possible to have my user id changed to somewhat readable, instead of random numbers?","@434469 2. username. Don't worry, we'll let the right team know it's something you'd like to see. For anything else, let us know /GU"
1870994,"@SpotifyCares Hi, My family account got kicked an account kicked off but that is at the same address. Your website won't allow me to re-add",@558769 Hey Cooper! Help's here. Can you DM us the email address of your family member's account? We'll have a look under the hood /DD https://t.co/ldFdZRiNAt
2078824,@SpotifyCares hi someone who isn't authorized is using my spotify acc. how can i prevent that person from doing so any further?,"@614818 Hey, that doesn't sound right! Can you DM us your account's username or email address? We'll take a look backstage /JP https://t.co/ldFdZR1cbT"
89548,@SpotifyCares I got chat and got it taken care of easily. Thanks for the support.,@135369 Awesome! Let us know if you ever need us again. We'd be... https://t.co/LgAM6ky9Vv /PB
2544109,@SpotifyCares Feels like my account has been duplicated and used by someone else. Songs keep pausing and when I check someone is playing music on a different device not owned by me!!!!!!!!!,"@723217 Hey, we've come to the rescue! Could you DM us your account's username or email address? We'll check behind the scenes /RE https://t.co/ldFdZRiNAt"
1416513,Someone explain to me how there are Africana songs on @115888 but there is no Spotify anywhere in Africa?,@449214 1: Hi! It all boils down to licensing agreements. We're launching in new countries as often as possible...
1160828,"@SpotifyCares Restarting doesn't do anything, and I'm connected to a home network.","@164929 Alright. Can you check if restarting your router does the trick? Also, when did this start to happen? /DV"
1862948,HELP!! I CANT FIND THE CMBYN SOUNDTRACK ON SPOTIFY,"@556673 Hey there! We’d love to have all the world's music available, but we have some info about content here: https://t.co/YlV1IAXwsi /MA"
1648942,@SpotifyCares Will there ever be a shortcut for it,@503711 We can see how that’d be useful. You can vote for the official idea here: https://t.co/iqGpFKXhcz /MU
2580777,@115888 why are you suggesting Taylor Swift in my Jojo's Bizzare Adventure OST playlist,"@731482 Hey Stephen! To reduce the number of Suggested Tracks you get, try adding more artists into your playlists. Let us know if there's anything else /AP"
2643409,@SpotifyCares Sure thing. Checked Chrome on a different computer and it seemed to be working fine there.,"@745877 We'll take note of this. By the way, we've replied to your DM. Let's carry on chatting there /YM"
1261910,@115888 bruh why is my music making like robot noises whenever i put it on a flat surface,@415594 Hey Mason. Can you check if your device speakers are covered when you place it on a flat surface? This can affect sound quality /JU
1934682,"@115888, don’t you ever suggest #despacito to me ever again. Got it?","@129021 Hey Daniel! Thanks for your feedback. To reduce the number of Suggested Tracks you get, try adding more artists into your playlists /CH"
1096831,@SpotifyCares I need to speak to someone in the charity department as soon as possible. Can you please help?,@378825 Hi there! We'd recommend visiting this site for more info: https://t.co/f8mbqWWue5 /NQ
2580699,@SpotifyCares im using mac,@501686 Thanks! Can you also give us some info about what's going on? /RB
2921946,@SpotifyCares yup. Good now. Thanks.,@808656 No worries! Just give us a shout if the problem persists. We're... https://t.co/zOXI69QSqg /GS
1162420,@SpotifyCares No that didn’t work :( I’m attaching a screenshot of what it’s doing w/the app open https://t.co/Lo3IuLmPk0,@249035 Thanks for the screenshot. Can you let us know the device iOS and version of Spotify you're using? We'll see what we can suggest /JI
2543089,"@SpotifyCares Nope, there was no crash, this has been an on-going issue and no matter how many times I see the ads, I never get a full 30 minutes of ad-free music.","@618331 Thanks for confirming. Just to check, did you definitely watch the video ad that grants you 30 minutes ad-free listening in full after hearing the offer? /MU"
2609419,@SpotifyCares I just got an email saying it was a receipt. I still haven't been able to listen to a single song. What screen shots am I supposed to get again? I if I find I have been billed again to be correct with an UNUSABLE DESTROYED ACCOUNT. THEN I'VE HAD ENOUGH,"@287348 Don't worry, we'll be sure to get this cleared up for you. We've sent over a DM with more help. Reply there when you get the chance! /J"
1865733,"hey @115888, do you have any plans to release any Apple Watch app? Would be great to listen to Spotify music when out for a jog",@557406 Hi there! Check out the official idea and add your vote to let our devs know it's something you'd like to see: https://t.co/SEK4E4gi22 /JM
1116673,@SpotifyCares Hello :) Thanks for the quick response - I'm referring to South Africa! X,"@383487 1: No worries. At this time, we're afraid that Spotify isn't available in South Africa, but we're launching in new countries as..."
2435836,@SpotifyCares Just used it for a bit and my phone didn’t seem to heat up this time around. Looks like all is well! Thanks again,@698868 That's great to hear! Give us a shout if the app ever misbehaves again. We'll be... https://t.co/LgAM6ky9Vv /DV
1495331,"@SpotifyCares the overlay is nice, but it sticks around for long enough to get in the way of things","@160032 Hey Hannah, thanks for the feedback! Don't worry, we'll let our devs team know this is something you'd like to see /GK"
2909,@115888 Why? https://t.co/rsBY0b7YS3,@643696 Hey! Can you fire over your account's email address or username via DM? We'll take a look backstage /RC https://t.co/ldFdZRiNAt
1840267,.@SpotifyCares I have a premium account but keep getting this message....#help https://t.co/nUsWpyzUE6,@551514 Hi Melissa! That doesn't sound good. Can you DM us your account's email address? We'll take a look under the hood /AU https://t.co/ldFdZRiNAt
2272756,@SpotifyCares Yea that’s exactly what I ended up doing !! :$,@407803 Hey there! Is the issue still happening? Keep us posted /DF
2792152,@SpotifyCares Will do so now I wait,@662174 Sounds like a plan! Just let us know if you ever need us again. We're always here to help /AN
2917961,Spotify is down and I don’t think I can go on with my life... 🙃 https://t.co/UB7FFY3tgv,@807672 Hey Robyn! Everything should be running smoothly now. Let us know if you're still getting issues /GS
44373,@115888 How ?,@775406 Hi there! Are you trying to sign up for one of our Holiday Offers? You can give it a try at https://t.co/nbDUOTogGZ. Let us know how it goes /GN
2899864,@SpotifyCares Only been waiting 5 years!!!,"@129061 We hear you loud and clear! We can’t make any promises but we’ll pass your feedback onto the right folks. In the meantime, let us know if you need help with anything else /GU"
945593,"@SpotifyCares I accidentally registered for a premium subscription for 1 year, Can I cancel it? I intend to try the free 1 month subscriptio",@344223 Hey there! Can you DM us your account's email address or username? We'll take a look backstage /RH https://t.co/ldFdZRiNAt
1336237,@117168 why can't I pay monthly for Premium? It's only showing me annual subscription and I don't want to pay an entire year in advance,@431710 Hey! Can you try signing up at https://t.co/WB5TSxRfDe using an incognito window? Let us know if it makes a difference /CB
1493511,my guilty pleasure roll deep is no longer on spotify why @SpotifyCares,@466815 Hey there! Can you let us know the country your account is currently set to? We'll take a look backstage /LO
1217110,@SpotifyCares made a new student discount yesterday w help from Spotify and I still have ads/can’t pick what song I listen to,@405610 Hi there! Can you send us a DM with your account's email address? We'll have a look backstage /ST https://t.co/ldFdZRiNAt
620387,"@28787 why is ""anything but mine"" from live in no shoes nation showing as unavailable on @115888 , i need that song in my life","@267247 Hey Matt! We’d love to have all of their stuff available, but we have some info about content here: https://t.co/MEjmIRL2eB /PX"
888704,@SpotifyCares please msg me as I got a issue with your family plan. Yes I sent the invites. It's not working. Please help! I paid extra !,@330990 Hi! We've replied to your DM. We'll continue helping there 🙂 /BX
2319493,@SpotifyCares Aces. Thanks a mill.,@672293 No worries. Let us know if we can help with anything else 🙂 /AY
1970185,@SpotifyCares 👎🏾👎🏾👎🏾👎🏾👎🏾👎🏾👎🏾👎🏾👎🏾👎🏾👎🏾👎🏾👎🏾,"@548837 We heard you. Rest assured your feedback will not fall on deaf ears. If there's anything else we can help with, just give us a shout /ME"
1800660,@SpotifyCares + but Spotify website still says I'm subscribed thru Vodafone. Does it take a while to cancel the premium or can I re-subscribe now? Thanks!,"@541048 Hey there, we're here to help. Can you DM us your account's email address? We'll take a look backstage /AK https://t.co/ldFdZR1cbT"
2785012,"@SpotifyCares And to be fair, I really care about children hearing this ad, especially during the Christmas season. You promote your classic Christmas playlist, and it is family oriented. Offending me personally is not relevant.","@777605 We hear you 🎧 Rest assured, your feedback will be passed on to the right folks. Anything else, give us a shout /PX"
2813985,When you really need to listen to music for sanity purposes and @115888 won't load....,"@784572 Hi there, that doesn't sound good! Does restarting your device help at all? Also, is this happening over 3G/4G, WiFi, or both? Keep us posted /AK"
2495005,"@SpotifyCares I'm trying to switch my account to a student account, but it says that my email is already in use???",@712111 Hey there! Could you DM us your account's username and email address? We'll take a look backstage /DF https://t.co/ldFdZRiNAt
2895439,@115888 i can't go spotify premium cause it doesn't appear😭 PLEASE NOTICE ME @115888 https://t.co/CsrTrIW08U,@802389 Hi! We've just replied to your DM. Check it out /JE
2139022,@SpotifyCares I'm trying to close an account and it won't allow me as it says my Premium ends on 11/10/17. Could you help please?,"@629104 Hey Megan, help's here! Could you DM us your account's username and email address? We'll take a look backstage for you /BX https://t.co/ldFdZRiNAt"
409783,"@SpotifyCares it finally showed up again, here ya go. https://t.co/nEBC58Mvns",@209251 Hmm. Could you DM us your account's email address or username? We'll take a look under the hood /KB https://t.co/ldFdZRiNAt
2919307,@SpotifyCares Thanks! So far so good. 🤗,"@808011 That's good to hear! If you need anything else, just shout and we'll come running 🏃 /FR"
1790176,Why are the ads on Spotify so damn annoying? They are so loud with booming music and screaming people... STOP @115888,@537741 Hey there! Thanks for the feedback – we appreciate it. We’ll get this passed onto the right team /NQ
2491634,"@115888 so this is happening everytime i open the ios app, since the latest update, please do something about it, it’s very annoying.

Lars

Happy days https://t.co/xxzH6wCpog","@711378 Hey, that's not good! Can you let us know which device, iOS and exact Spotify version you're using? We'll see what we can suggest /YM"
1867391,@SpotifyCares Someone changed the email on my account and now I can't login! Please help!!! @115888 @117168,"@557844 Hey Jessica, that's not cool! Can you DM us your account's username and email address? We'll take a look backstage /JX https://t.co/ldFdZRiNAt"
272255,@115888 @117168 Is there an Apple Watch app coming soon? I want to get on some runs w my favorite Spotify playlists!,@119922 Hey! Check out the official idea and add your vote to let our devs know it's something you'd like to see: https://t.co/SEK4E4gi22 /RB
2021629,Hi @115888 so I shuffled @67091's music and then Katy perry came on and idk if you've heard those artists but they are very different so wth,@597889 Hey Clarissa! Can you DM us your account's email address? We'll check things backstage and see what we can suggest /RI https://t.co/ldFdZRiNAt
2751283,@SpotifyCares 11.1.2,@770256 Thanks! Can you try logging out and back in to the app? Does restarting your device help? /CH
1888723,"@SpotifyCares i can't seem to connect an account with spotify premium for family, help!","@563248 Hi, help's here! Can you DM us both your accounts' usernames and email addresses? We’ll take a look backstage 🔍 /TR https://t.co/ldFdZRiNAt"
2862724,@SpotifyCares Already tried with no success,@795213 Got it! Could you send us a screenshot of the issue you're having? Keep us posted /DF
908507,@117153 @SpotifyCares Still can’t access my premium,"@560093 Hey, help's here! Can you DM us your account's username or email address? We'll take a look under the hood /RS https://t.co/ldFdZRiNAt"
784246,"Had @115888 for 5 years, canceling my subscription. WORST customer service ive ever had. About to get @115948",@194240 Sorry for the wait. We've just replied to your DM. Can you check your Messages again? /CM
2251504,@SpotifyCares i have a premium account but the system is saying I’m not eligible for Spotify with Hulu? Help!,"@178834 Hey Terry, help's here! Could you DM us your account's username and email address? We'll take a look backstage /DQ https://t.co/ldFdZRiNAt"
2712664,Hey @115888 can I get a playlist of Christmas music based on my listening preferences? That would be really cool. Thanks.,@761582 Hi there. This sounds like fun! Suggest it in our Community at https://t.co/rtDvYZOF32 and get support from other users /JU
2815029,"@115888 Does your family package no longer go on sale? Been waiting a long time, perhaps a year?","@784811 Hi there, the cavalry's here! You can still sign up for the Premium for Family subscription. Just head here: https://t.co/XbTkDxdrE7. Hope this helps /AK"
800471,The fact that you can't add the currently playing song to a playlist on @115888 is kind of ridiculous.,"@310738 Hey Brad! Don’t worry, we can help. Can you let us know the device/OS you’re using? We'll see what we can suggest /MX"
2118750,@115888 @SpotifyCares how come I’m one of @37032 biggest fans yet I don’t have a presale code in my email inbox. 10AM IS NEAR🤔🤔,@624411 Hey Meesh. We’re afraid the codes are sent to those who listen to dvsn the most on Spotify. Sorry! We'll pass on your feedback /JP
518948,HALP! @SpotifyCares https://t.co/4ZG1m8PzwC,"@239733 Hey, help's here! Can you let us know what's happening exactly? We'd love to lend a hand 🙂 /KC"
2031969,"@SpotifyCares honestly, how were you guys not prepared for iPhone X launch? From a technical perspective, the changes aren’t that hard.","@435643 Hi Michael. We're sorry you feel that way. We appreciate your feedback on this, and we'll be sure to pass it on to the right folks /LM"
1125880,"@SpotifyCares Yes, please! No new rumors about the HiFi tier since April - I‘m a little worried!","@312172 No worries. We've passed it on. If you need anything else, just let us know. We're always here to help! /CB"
1167976,@SpotifyCares I'm getting an extended delay (~30 secs) when auth'ing my third-party app. Known issue?,"@394727 Hi Jay, help's here! Can you let us know more about your concern? Also, send us the name of the third-party app you're trying to use /SF"
1863112,"dear @115888,

When I search for an artist name a full name match should also be on top of your interpreted matches.

sincerely,

Stefan","@124933 Hey! Can you tell us more about what's happening? What device, operating system, and Spotify version are you on? /AY"
1710968,"@115888 @SpotifyCares I want The Warm Up, Friday Night Lights and Truly Yours on spotify. All are J Cole's mixtapes @52326 #dreamville",@518306 Hey there! We’ll have it available to you as soon as it’s available to us. https://t.co/0i8GpimuDa /LO
1582861,"@SpotifyCares Already did, thanks. Hopefully by 2020 we will have access to it. 😉👍🏻","@487180 We're crossing our fingers too! In the meantime, give us a shout if there's anything else /RC"
335343,"@115888 Hi, When is Spotify going to be Roku friendly or are you going to be @127972 friendly?","@195942 Hi! We don't have any updates for Roku yet. Don't worry, we'll let everyone know as soon as we have news to share 🙂 /RR"
1064074,@116130 Why is my premium account telling me I’ve reached my download limit ??,"@371218 Hey! Right now, you can download up to 3.333 songs to use Offline per device. More info at https://t.co/1z13MJsB33 /BH"
2216000,@SpotifyCares MAKE IT FAST PLEASE I WANT TO LISTEN IT,@647473 Got it. We're hoping licensing won't be an issue to make this album available on Spotify. Let us know if you have other questions /GK
1280822,yo @115888 why have a couple of the saved playlists been unsaved from my phone :(,"@419681 Hey Ella, that's no fun. Just to check, was your music unsaved (removed from your library) or undownloaded (desynced)? /JE"
2295219,"@SpotifyCares Hello, my spotify and hulu aren't working and spotify charged me another 5 dollars but I already have premium and paid for this month",@666462 Hi there! Can you DM us your account's email address or username? We'll take a look backstage /NQ https://t.co/ldFdZRiNAt
211135,"@SpotifyCares A mini player view?   Something that shows play controls, Track info but in a mini view so the whole client doesnt need to be visible.",@166010 Don't worry. You can support a similar idea by voting for it at https://t.co/gauPI6VAPw. Give us a shout if you have other questions /DV
2647460,omg like why isn't the whole believe album on spotify yet plz it's 2017 @115888,"@746949 Hey, we’ll have it available to you as soon as it’s available to us! https://t.co/0i8GpimuDa /RB"
707058,"@SpotifyCares Thanks. I mean, not that I don’t like heavy metal but surely wasn’t ready to listen that while listening to an opera singer.",@289035 We hear you! Don't worry - we'll pass your feedback on to the team. Have an awesome day 😁 /SY
850062,@115888 same problem. Can you help ? in this case using latest software on iPhone 6. https://t.co/k9d7XnieaP,@321976 Hi there! Can you let us know the iOS and Spotify versions you're rocking? We'll see what we can suggest /NY
452110,@115888 misleads you to buy 3 months premium for 9php then charges you 129. No where on the payment page tells you that if you charge it to your phone credits it will charge 129 instead of the 9php as advertised. That's just bad business practice tsk.,@222240 Hi! Help's here. Could you DM us your account's email address? We'll take a look backstage /AU https://t.co/ldFdZRiNAt
1818441,"@SpotifyCares on your UK website, the renewal date is using US formatting https://t.co/aqfk1Kci9m","@546211 Hi Joylon! Thanks for the heads-up. Not to worry, your feedback is noted and passed on to the right team. Anything else, let us know /NY"
1797422,@115888 we need to have a talk 🤧,"@540086 Hey there, the cavalry's here! Could you DM us some more info about what's going on? We'll see what we can suggest /BX https://t.co/ldFdZRiNAt"
2734648,@SpotifyCares Thanks. It's a shame. Maybe something you could consider. Or creating playlists without any explicit lyrics?,@140456 Nice idea! It's definitely something for the team to consider and we'll make sure it reaches them. We appreciate the feedback /JK
1659829,@115888 where are the audio books?,"@505641 Hey there! Just head to Browse &gt; Word &gt; Audiobooks. If you need a hand with anything else, we're just a tweet away 🙂 /MG"
644254,Hi @115888. Is there a way to clear the queue in your Android app? It messes me when I'm in the car. 😢,@272922 Hey there! You can remove tracks in the Play Queue by following the steps here: https://t.co/Lx02el9U59. Hope this helps /PL
2198158,@SpotifyCares my UNiDAYS credentials are being used for a spotify  that I don't use anymore&amp;I don't know how to disconnect the accounts,@642975 Hey there! Can you DM us your account's email address? We'll take a look backstage /RB https://t.co/ldFdZR1cbT
363817,@115888 HEY HAVING A LOGIN SCREEN ON MOBILE THAT'S VERY RAPIDLY FLASHING PURPLE / BLACK IS A VERY BAD IDEA,@202223 Hey Jamie! That doesn't sound good. Can you send us a screenshot of what you're seeing? We'll see what we can suggest /SU
648665,@SpotifyCares Put All Night By Steve Aoki and Lauren Jauregui on Today's Top Hits :),"@274165 Hey there! Thanks for the feedback. Our Curation team is independent. They use taste, data, research, and trends to create playlists, but we’ll pass on your suggestion. Just give us a shout if there's anything else 🙂 /PC"
2389831,"@688460 @SpotifyCares Udah gak ada penawaran yang pake pulsa mas. Selain itu, dia hanya bisa IM3 dan 3.",@579736 2: necessary and you should be good to go! Let us know if you have other questions /GK
2448598,@117168 argh. I can’t reset my password,@701861 Hey Stephanie! The cavalry's here. Could you DM us your account's email address? We'll take a look under the hood /KB https://t.co/ldFdZRiNAt
2428800,"@SpotifyCares I can’t remember my login details, my payment details are obsolete and want to upgrade to family.",@697317 Hey! Can you DM us your account's email address? We'll see what we can suggest /CB https://t.co/ldFdZRiNAt
2943764,"Hey, I can not join to a premium for family plan, every time I try to accept an invitation, i got an error. Could somebody please help? @115888","@813232 Hey Sergio, help's arrived! Can you DM us the usernames or email addresses of your account and the plan owner's? A screenshot of the error message you're receiving would be handy too /PC https://t.co/ldFdZRiNAt"
739930,@SpotifyCares 1.0.65.320.gac7a8e02,@296952 Can you try the steps here for us: https://t.co/EqisDMwZAT? Let us know if the issue persists /JN
153760,"@115888 i have lost username, email amd password of my spotify premium account, can you help me please?","@151202 Hey there, helps here! Could you send us a DM with the first 6 and last 4 of your payment form? For security purposes, be sure you don't send the full card number. We'll take a look backstage and get back to you in a beat /ZO https://t.co/ldFdZRiNAt"
1648687,@115888 City University of Seattle is still not listed in Canada https://t.co/APA4L3VMsb,@491765 Thanks for the update. Can you DM us your account's email address? We'll take a look backstage /MG https://t.co/ldFdZRiNAt
633998,@SpotifyCares can I delete songs off my artist profile?,@270295 Hey! We'd recommend reaching out to the Artist Services team for help with this. Let us know how you get on /C
683119,@SpotifyCares Does the new Sonos 1 integrate with an existing set up? Or do u have 2 carry it round the house in order to use Alexa? #sonos1,"@283025 1: Hi Colin, help has arrived. Can you let us know what's happening exactly? It'd be great if you could send over the device model/OS... /ME"
907628,@125633 ANDROID! I just wanna.. say ANDROID. :) (Ok I know it's coming),"@335533 It'll be with you soon on Android, RYMDKRAFT... Promise 😉 /T"
2047806,@115888 please update your podcasts. I need my @12743 fix!,"@605608 1. Hey Rich! Licensing and ownership constraints also apply to non-musical content, such as podcasts and videos. Don't worry, we'll..."
1917855,.@115888 the activity stream in the desktop app would be so much better with a tiny like-button...,"@571181 Hey there! That'd be cool. You can submit your ideas at https://t.co/HhviviR3d7. For anything else, we're just a tweet away 🙂 /RC"
1676583,@SpotifyCares @477814 Is it ever going to happen? How can you not offer a product across the full OS Spectrum. Bogus especially since Apple Watch has cellular now,"@510005 We see where you're coming from. We don't have any info to share right now, but hopefully it happens soon /RH"
1691152,@115888 hi can you help my premium account has been downgraded to a free account and I don’t know why,"@186977 Hi Neil, help's here! Could you DM us your username and email address? We'll take a closer look 🔍 /JQ https://t.co/ldFdZRiNAt"
634352,@SpotifyCares Does Spotify Mac do a fade in on play if it’s been idle for a while or is it my amp? Cross fade tracks is off in the settings.,"@270402 Hi Joris, help's arrived! Just to check, do you hear fade in while playing music on other speakers? Let us know /TY"
696729,"@SpotifyCares After clearing the Spotify link in the Alexa app, the desktop and phone app work, but no more control via the Echo","@286241 1: Just to clarify, you can only stream on one device at a time. If you're logged in to Sonos/Alexa, you'll be prompted on your phone..."
2287567,@SpotifyCares Can't wait!,"@664632 We hear you 🎧 Rest assured, your feedback will be passed on to the right folks. Give us a shout if you need a hand with anything else /MG"
2075569,@115888 how can I cancel my other 2 premium accounts ?,@613838 Hi there! Could you DM us the usernames or email addresses for all your accounts? We'll take a look backstage /JO https://t.co/ldFdZRiNAt
189943,@115888 If i say i have a problem will a bot randomly reply with that premade message?,@577608 Hey there! Help's here. What's happening exactly? Can you DM us your account's email address or username? We'll take a look backstage /NQ https://t.co/ldFdZRiNAt
1936034,"@115888 Android had just stopped casting your app. Tried everything. Can you speak to YouTube, which works flawlessly.","@575998 Hi Sam, help's here! Can you DM us your account's username and email address? We'll do some digging /TY https://t.co/ldFdZRiNAt"
637773,"@115888 it’d be nice to have EDubble’s freestyle Friday’s on Spotify, i need this in my life","@271229 Hey there! We’d love to have all of their stuff available, but we have some info about content here: https://t.co/0i8GpimuDa /MX"
112007,"Is it just me or does @115888 erase your downloaded songs about once a month.

I just blew through all my data AGAIN  because of this bug. https://t.co/FMdscxVk0a","@140877 Hi Eric, sorry to hear that! We'd suggest checking out the steps under “Downloads unexpectedly removed” at https://t.co/38J7tFlIBF. They should help with this /CX"
566298,@115888 not syncing between my iPhone and @115821 Alexa :(,"@252753 Hey Emma, help's here! Can you let us know your iOS and Spotify versions? We'll see what we can suggest /MG"
1852415,Hui @148611 bat ito na lang version ng Crash Into Me? Nawala ung recorded version. Ansakit-sakit! https://t.co/M0tTJLeeN7,@554379 2: licensing changes. Hopefully we'll have it available again soon. More info here: https://t.co/0i8GpimuDa /LO
79407,@SpotifyCares Did you remove the 1986 The Fly soundtrack? =(,@142362 Hey! Sometimes content gets temporarily removed because of licensing changes. Hopefully we'll have it available again soon /RA
857982,"@SpotifyCares @323746 Hey there, @SpotifyCares. Actually the song just doesn’t seem to be available at all. Released July 24, 2001, the song peaked at #27 on the @204949 Hot 100. How can we get this available for streaming?",@323745 Got it. We can confirm the song was temporarily removed because of licensing changes. Hopefully we'll have it available again soon! /MT
567987,@SpotifyCares Hi. Will there be a My Year In Music this year?,"@253241 Hi there! We're afraid that we don't have any info to share, but we'll let the right team know that it's something you'd like to see /AK"
1366580,"Hey @SpotifyCares someone is using my Spotify account on devices I don't recognize, I think I may have been hacked. Help?","@438120 Hi Alex, we’re sorry to hear that. Check out https://t.co/QHn3ok8y2n for what to do next /JQ"
1956239,@SpotifyCares … I could star 4-5 tracks from the list. Now it’s rarely more than max 1. And often zero,@580566 Sorry to hear that! Your Discover Weekly should improve as it gets to know you. Keep adding your fav tracks to Your Library/playlists 🙂 /ND
1962468,@115888 Removing songs with Chris Brown from all of my curated playlists forever would be a great place to start!!,"@267046 Hey NIcole! This isn't possible right now, but you can show your support for the idea in our Community: https://t.co/oGDLtirXki /AR"
189845,@115888 What if I already have Hulu and spotify?,@304330 Hi Iciny! Can you DM us your account's email address? We'll help you sign up for the bundle 🙂 /RR https://t.co/ldFdZRiNAt
2054448,.@SpotifyCares the app doesn't start half the time on Lumia 950.  Just hangs at the initial loading screen.  What gives...?,@129638 Hey there. Could you send us your account's email address or username via DM? We'll take a look under the hood /AY https://t.co/ldFdZRiNAt
2473676,"@SpotifyCares shuffle &amp; repeat keeps coming on by itself, anything I can do? iPhone 6s+, iOS 10.3.3, Spotify 8.4.27 https://t.co/imFk6h0zto",@707288 Hey there! Can you try tapping the Shuffle and Repeat buttons until they're no longer green? Are they being enabled everytime you switch songs? /MA
2892620,"@SpotifyCares Hey, I seem to be unable to unfollow a gone playlist. Can you take a look at https://t.co/wfuMcdy3F0 and tell me what to do?","@801776 Hi, help's here! Can you DM us your account's email address or username, along with the name of the playlist?  We'll see what we can suggest /XF https://t.co/ldFdZRiNAt"
265697,"@SpotifyCares Hello! Is there a reason I can't stream Bruno Mars from my Windows desktop, Windows laptop, or Android phone?","@179298 Hey there, we're here to help! Could you send us a DM with your account's email address and username? We'll take a look backstage /RV https://t.co/ldFdZRiNAt"
2234676,@SpotifyCares Hey! I have a complaint! Why is Katy Perry playing on BULLETS? I'M TRYNA BE EMO NOT MY 3RD GRADE SELF https://t.co/ot4cEIru6t,"@651816 Hey there! To reduce the number of Suggested Tracks you get, try adding more artists into your playlists. Keep rocking 🤘 /MX"
2714238,@SpotifyCares Yes,@761956 That's strange. We'll get this passed on to our devs so they can look into it. Give us a shout if you need anything else /CP
1007943,"@SpotifyCares No error messages are coming up on mobile, but when looking on pc, it just says that this song isn’t available, and to import it","@358513 Got it. Can you try logging out of Spotify, restart your device, then log back to see if that helps? Any better? /NY"
258948,"Hey @SpotifyCares, does Spotify still scrobble to @13281? Seems like it hasn't worked for me in ages.","@177563 Hey! What device, operating system, and Spotify version are you using? A screenshot of any error messages would be handy, too /JE"
499252,"@SpotifyCares thanks! i guess my confusion comes from the design &amp; language, makes it seem like i'm signing up anew since you're gathering my billing info again and the button is to ""start premium"", when i already have premium and you have my billing info. please relay to your content/ux team",@234228 Sorry for the confusion. We hear you 🎧 Rest assured your feedback will be passed onto the right folks. Let us know how it goes /AL
1028771,@115888 @123765 why doesn't it allow me to preview songs off my timeline? The song shows that its loading but nothing plays,"@363423 Hey! Don’t worry, we can help. Can you let us know the device/OS you’re using? We'll see what we can suggest /CO"
2297932,Why tf isn't this album on Spotify..smh @115888 https://t.co/r6guq4qv66,"@667065 Hi! Fingers crossed we'll be able to have it soon, but there's info about Spotify content here: https://t.co/0i8GpimuDa /AK"
1457866,"@SpotifyCares It seems a lot of people have this issue and it's affecting the most listened band of each one, https://t.co/0JOokwHJVa","@458377 We hear you. Don't worry, we're on it. Our developers are looking into this, and we'll keep everyone updated /RV"
2076901,"@SpotifyCares Hello, can't subscribe the premium account bc the site doesn't accept any of my cards, and I tried three...",@614256 Hey Laura! Could you send us a DM with your account's email address or username? We'll take a look backstage /DR https://t.co/ldFdZRiNAt
1914533,"Dear @SpotifyCares, where have I this to thank from? Senk joe 😭 https://t.co/oo5OAKlHb0","@570289 Hey! Discover Weekly is based on what you, and others like you, are listening to. Hopefully it’s more in tune with your tastes next week /AR"
1658085,@117153 I am still having problems with my premium,@505893 Hey! We've just sent a DM your way. Let's carry on chatting there /NQ
2960681,Umm @115888 where is the Witching Hour album by @113573??? https://t.co/Xd2LkscrCc,"@518913 Hey! Fingers crossed we'll be able to have it soon, but there's info about Spotify content here: https://t.co/1dgftcFtzc /TR"
1295917,"@SpotifyCares iPhone 7, iOS 11, version 8.4.22.515",@422912 Got it. Can you try to see if logging out &gt; restarting your phone &gt; logging back in to your account makes a difference? /DV
104094,@117153 You Just Cheated Me Out Of A $10 Spotify Card And Now I Want My Refund Back Right Now.,@138947 We've just sent a DM your way. Let's carry on chatting there /CG
1983022,"@SpotifyCares __email__ 
matthew_howes96","@586966 Thanks for updating us! Our best tech folks are on the case as we speak. Hopefully, we'll have a fix soon /TI"
2183105,@SpotifyCares i just think ‘daily’ gives the impression it changes every day - this would be a big improvement imo,"@639486 We hear you 🎧 Rest assured, your feedback will be passed on to the right folks /KL"
2110127,"@SpotifyCares I have an iPhone 8 running iOS 11.1 and most current Spotify. See a playlist like Rap Caviar. Only a play option, no shuffle.",@278542 1: Thanks. Everything seems to check out on our end. Can you try tapping a specific song from that playlist...
2321772,"Dear Internet, can someone tell me when @118062 #Reputation will be on @115888? Sincerely, anxiously waiting.","@672801 2: For now, check out the singles: https://t.co/3h0TnPWP0c /SY"
2414533,@115888 @SpotifyCares second iOS update and still no iPhone X support 🤦🏻‍♂️,@694027 Hey there! We understand - we’re working on it as we speak. Be sure to stay tuned /CG
2706969,@SpotifyCares No error messages. It’s simply not changing songs once the previous one finishes,"@411653 Got it. Have you tried logging out and back in to your account? Also, does restarting your device help at all? /NS"
1999689,@SpotifyCares great customer service #Spotify,"@591269 Thanks for the kind words! If you need help with anything else, just give us a shout. Otherwise, have a... https://t.co/FQulrDtFky 😉 /GU"
1403656,@SpotifyCares Same problems my friends have been complaining about. One of Why Don’t We’s song (these girls) the beat got changed and it’s more high pitched now.,@446334 Got it! Could you tell us the device you're using? Keep us posted /DF
2599171,"@SpotifyCares Hey, I need help signing up for Spotify for Students. Can you help me out?",@735835 Hey there! Can you DM us your account's email address? We'll take a look /RB https://t.co/ldFdZRiNAt
2663871,Will mamacita be available on Spotify? @750649  @115888 https://t.co/KrNiXmWoG6,"@750648 Hey there! We’d love to have that available, but we have some info about content here: https://t.co/0i8GpimuDa /GK"
2218972,@SpotifyCares when will it be ready though? it’s been on Apple Music for AGES,"@648206 We're afraid we don't have any info on this right now, but we’ll have it available to you as soon as it’s available to us /AC"
44347,@115888 Pwede ba load pang bayad nito?,"@284352 Hey Romel! We don't offer Filipino support, but we can help out in English. This offer can only be redeemed when paying via credit/debit card or PayPal. When subscribing through your mobile carrier, you'll get the 129 PHP for 3 months deal due to difference in pricing /KT"
1834566,"@SpotifyCares Galaxy s7 active, andriod https://t.co/wtAZr6nNUP","@550247 Can you let us know the exact Android version on your phone? Also, is this happening on specific tracks? We'll get to the bottom of this /LP"
165058,@spotifycares for a third time today guys i am contacting you. Please help me get rid of this. I even deleted my last fm acc and it still shows up https://t.co/4oY0Z60eOj,"@154266 Hey there, we'd love to help! Can you let us know the versions of Android and Spotify you're running? We'll see what we can suggest /AG"
1333631,@SpotifyCares none of these apply and it's a brand new phone. Playlists always stay downloaded but album downloads disappear! So very annoying!,@431116 2: The steps are here: https://t.co/EqisDMwZAT. You can resync your music afterwards. Let us know how it goes /NY
1281606,@SpotifyCares Just tried on my tablet. Songs played fine. Went back to phone. Makes a skip like every 2 seconds.,@419844 Got it. Could you DM us your username and email address? We'll take a look backstage /JQ https://t.co/ldFdZRiNAt
2929230,@SpotifyCares @115888 why is alll my downloaded music getting totally wiped out after every single app update? This has been the third time this has happened since going premium a month ago,@810348 Hey there! We've just sent a DM your way. Let's carry on chatting there /MG
1077376,@115888 @SpotifyCares https://t.co/bWzTp81lSc wrong artist link. Should be https://t.co/AQFwP0ccFk @374182,@220664 Hey there. Thanks for the heads up. We'll get this reported. Great detective work! https://t.co/LpsmyUtme0 /QI
1843941,petition to @115888 to add running on dua's musics,@552458 Hey there! Thanks for the request. We’ll have it available to you as soon as it’s available to us. More info about Spotify content here: https://t.co/0i8GpimuDa /CH
1800747,@SpotifyCares why can't I stream any of @17627 or @146177 tracks? Been saying the songs are unavailable for the last few days,"@541075 Hey Michael! What device, operating system, and Spotify version are you using? Can you DM us your account's email address? /KC https://t.co/ldFdZR1cbT"
184607,"@SpotifyCares mac version: 10.13
spotify version: 1.0.65.320.gac7a8e02","@159460 Got it. We'd suggest a clean reinstall. It's not ideal, but the steps at https://t.co/EqisDMwZAT should help. Let us know how you get on /JE"
1984360,@SpotifyCares no Apple Watch app? Seriously? I’ll be switching to Apple Music...,@587375 Hey! Check out the official idea and add your vote to let our devs know it's something you'd like to see: https://t.co/SEK4E4gi22 /NQ
854762,@SpotifyCares I have NEW LIFE thanks to you! This seems to have worked!! Very thankful for your popping into my feed!,"@323004 Awesome! We're glad that did the trick. If you ever need help with anything else, you know where to find us /QI"
894354,"@SpotifyCares hi I’ve just set up a family premium account in the wrong name, can I change this?","@332350 Hey, help's here! Could you send us a DM with your account's username or email address? We'll take a look backstage 🔍 /DB https://t.co/ldFdZRiNAt"
2078390,Are there any ways to track down a #hacker who has logged in to my @115888 account? (And yes I had a strong password Im not that stupid),"@614705 Hey Fredrik, we're here to help. Could you DM us your accounts email address and username? We'll check backstage for you /BX https://t.co/ldFdZRiNAt"
351223,@SpotifyCares Why,"@199558 1. Thanks for the screenshot. To clear things up, merging one playlist to another hasn't been a feature of the app, but... /KM"
1564268,@SpotifyCares so kindly add Pakistan in your launching country list as many people here wants @115888 here,"@483023 We understand, but sometimes it all comes down to licensing matters. Rest assured, your feedback will be passed on to the right folks /NJ"
44332,@115888 Why charged 129? I thought 9pesos only?,@265384 Hey Van! Can you DM us your account's email address? We'll have a look /KT https://t.co/ldFdZRiNAt
845921,hey @115888 quit giving me suggested tracks because i hate every single one. thanks.,"@321062 Hi there! To reduce the number of Suggested Tracks you get, try adding more artists into your playlists /GT"
2777736,@SpotifyCares Yes,@769806 We've just sent another reply via DM! Let's continue chatting there /JL
2116860,@SpotifyCares alright thank you!,@623928 No worries. https://t.co/uEkAlnxbzn /GK
2964694,I sure wish @115888 would stop deleting all downloaded songs..,@817970 Hey Ryan! Could you send us a DM with your account's email address? We'll take a look backstage /FR https://t.co/ldFdZRiNAt
2482904,@SpotifyCares all sorted for the daughters account thanks ⭐️⭐️👍🏻⭐️,"@421667 No worries! We're glad we could help out. If you ever need anything else, just shout and we'll come running 🏃 /DF"
2920702,"@SpotifyCares I need help deleting a duplicate spotify artist account and merging ""Appears on"" to the new verified account @151631 can anyone help? #Lost",@808347 Hey! Our friends in Artist Support are the right folks to help with this. You can get in touch with them by heading to https://t.co/41wf7ozbVm. We're here for you if there's anything else /YM
1894635,@SpotifyCares My credit card was charged a student rate but I am already a premium customer. Can you refund the student rate please?,@564755 Hey Danika! Can you send us your account's email address or username via DM? We'll take a look backstage /AY https://t.co/ldFdZRiNAt
2504276,hey @115888 -- you left play-control keys behind with your new version. what gives?,"@714196 Hey, that doesn't sound right! What's happening exactly? Can you let us know the device and operating system version you're using? We'll see what we can suggest /JE"
993088,"@SpotifyCares Hiya, the Android app seems to glitch yet again after the latest update. All of my saved songs gone. Having to re-download 20 GB worth of music every time there's an update is no fun. Hope it gets resolved soon!","@355248 Hey there, we're here to help! Could you DM us with your account's username and email address? We'll take a look /TB"
1980982,@SpotifyCares my downloaded songs are buffering when I'm connected to wifi. What can I do?,"@586397 Hey Aleezah! What device and Spotify version are you using? Also, is your Spotify in Offline Mode? We'll see what we can suggest /BH"
1559461,"@115888 can you bring back ""Closer"" by The Tiny please?",@481913 Hey! Sometimes content gets temporarily removed because of licensing changes. Hopefully we'll have it available again soon /NQ
1343674,"@SpotifyCares Didn’t work, I tried yesterday 😔. The thing is that it used to work okay when I first installed iOS 11, could it be because of v8.4.22?","@433385 No worries, thank you for trying! Could you DM us your account's username, or email? We'll take a closer look backstage /M https://t.co/ldFdZRiNAt"
711175,@SpotifyCares there is ambiguous band name which unexpected link between album https://t.co/f6cAxqpWSx and the artist @14047,"@290077 Hi there! Just to check, are you reporting that the album is not for that artist? We'll see what we can suggest /MU"
1781333,"@115888 this isn’t my iPhone, nor is it any iPhone in my family plan. What is going on here? Changed password already. Signed out everywher https://t.co/Na3xx2QNXX","@535195 Hey! Don't worry, we're here for you. Can you DM us your account's email address? We'll check things backstage /RI https://t.co/ldFdZRiNAt"
404756,"@SpotifyCares Any chance to in future add the option to sort the playlists one's following? As in: own pl's, spotify's, friends, ...?","@211795 2. In the meantime, we'd recommend organizing your playlist into folders, which you can read more about here: https://t.co/VkiszwHT6F 🙂 /TB"
1897169,@SpotifyCares why is @2043  wanna be that song not on @115888,@565445 Hey Branden. Sometimes content gets temporarily removed because of licensing changes. Hopefully we'll have it available again soon! /MQ
1816068,@SpotifyCares I lost all of my music. I can't figure out how to get into my account.,"@545552 Hey Jim, help's arrived! Could you send us a DM with your account's email address or username? We'll take a look backstage /CH https://t.co/ldFdZRiNAt"
2975085,hi please release all of the tracks of reputation or you’re cancel @118062 @115888,"@820505 Hey there! Taylor Swift's 'Reputation' isn't available to stream just yet! For now, check out the singles: https://t.co/3h0TnPWP0c /NQ"
725982,@SpotifyCares I paid for the wrong subscription and I need to cancel it,@293905 Hi! We've just replied to your DM. Let's continue chatting there /JL
1930000,@115888 when are you gonna make a move to Asian countries?,@574325 Hey Antony! We're launching in new countries as often as possible. Be sure to add your email at https://t.co/X8DVSX9QgM /MX
128851,@spotifycares it's 2017 why do I have a 3333 offline song limit on my spotify? Do you really want @GooglePlayMusic to get that 9.99 a month off me? Ps pls emulate their local files synching.,"@144986 Hey Ben! Right now, there's a download limit of 3,333 tracks on 3 separate devices. We have more info here: https://t.co/WDXVuJV0dh /NS"
147403,@SpotifyCares Thank you :) It's Trinidad and Tobago,"@149499 We're afraid that Spotify isn't available in the Republic of Trinidad and Tobago yet. Rest assured, we're launching regularly in countries around the world! Sign up here to be first to hear: https://t.co/XDwWzj7cLP /WW"
2616828,@SpotifyCares had to cancel my premium because I’m unable to update cc info from an old card! Help?!,"@739621 Hi Joy! Don't worry, we can help. Can you fire over your account's email address via DM? We'll check under the hood and see what we can suggest /NY https://t.co/ldFdZRiNAt"
1127613,@SpotifyCares I get this message when I try to play anything at all. I screenshot the version and the mesaage: https://t.co/a6UE2HqLjh,"@385852 1: Thanks. Looks like you're on Free. This means you can’t stream specific songs on demand. You also get ad-supported, shuffle-only... /AU"
2590877,@SpotifyCares Hi there! I can’t create a custom username in my account upon signing up in your website. Help!!,@733827 Hey there! Could you DM us your email address? We'll take a look backstage /Q https://t.co/ldFdZRiNAt
2795603,"@SpotifyCares Already chatted in, but thanks",@577857 No worries! Let us know if you ever need us again. We'd be... https://t.co/LgAM6kPKN3 /RB
2046561,@SpotifyCares put back Player - Baby Come Back on spotify im begging you PLEASe,"@605257 Hey, help's here! Fingers crossed we'll be able to have it soon, but there's info about Spotify content here: https://t.co/MEjmIRL2eB /JQ"
1963233,"@SpotifyCares I’ve already tried this, and still nothing.",@582099 No worries! Could you DM us your Spotify account's email address? We'll take a look under the hood /BH https://t.co/ldFdZRiNAt
1879004,@SpotifyCares My account is: email: __email__. The 2nd email address is: __email__,@560834 Thanks! We suggest you delete your previous tweet as it contains both of your email addresses. Can you DM it to us instead? /DR https://t.co/ldFdZRiNAt
806548,"@SpotifyCares One Plus 3T, Oxygen OS, Spotify version 8.4.22.857",@312201 Thanks! Does logging out &gt; restarting the device &gt; logging back in help? Keep us posted /KL
2942715,@SpotifyCares So mean!,"@272838 Sorry to hear that. Don't worry, we'll make sure to pass your thoughts on to the right team. If there's anything else, just let give us a shout /AU"
1509483,@SpotifyCares Many thanks,"@470370 No worries! If you ever need us again, we'd be... https://t.co/LgAM6ky9Vv 🙂 /MU"
73729,@SpotifyCares Only just saw this reply. It was both on my phone (android nexus 5x) and laptop (macbook pro). Tried multiple networks too. But it seems to have resolved itself now. Thanks anyway!,@132493 That's great to hear! Let us know if there's anything else we can help you with. Have a... https://t.co/fOHcTvQJC3 💚 /JP
255598,@115888 how many devices with downloaded music can I have with a premium account? Thanks!,"@176787 Hi Edu! You can download up to 3,333 songs per device, on a maximum of 3 devices. More info here: https://t.co/WSjJgGAmPy /AU"
1988904,"@SpotifyCares one of my albums I'd accidentally listed under ""singles"" on my artist page. How can I fix that?",@588654 Hi Jesse! Our friends in Artist Support are the right folks to help with this. Get in touch with them here: https://t.co/p1wbtdELHu 💚 /NG
1819045,@SpotifyCares Um thanks,@546340 You're welcome! Give us a shout if you ever need us again. We'd be... https://t.co/LgAM6ky9Vv 🙂 /DD
1815772,@SpotifyCares I have been trying to update my payment information and I keep getting an error and I have tried muitlpe cards. Can you help?,"@545454 Hi there! Can you DM us your account's email address or username, and a screenshot of the error message? We'll take a look backstage /NQ https://t.co/ldFdZRiNAt"
86373,humankind needs lyrics on @115888,"@134858 Hi Frederick! We totally agree. If you’re Premium, you can connect your Spotify account to the Musixmatch mobile app to enjoy lyrics: https://t.co/SyGMWOjGoe /QI"
571357,@115888 Please bring Spotify to #BlackBerry10,@254216 Hey there! We hear you loud and clear. We can’t make any promises but we’ll pass your feedback onto the right folks /NQ
1837061,@SpotifyCares I've logged out and logged back in. Crashes when searching. Also tells me that I'm offline when trying to bring up menu to add to playlist,@550780 Got it. Can you try reinstalling the app? You can find the steps for your device at https://t.co/cxGHt0bCR8. Keep us posted /SJ
2276899,@SpotifyCares I’ve done that. Still having the same issues.,@662180 Hmm. Can you DM us your account's email address or username? We'll take a look under the hood /PB https://t.co/ldFdZRiNAt
1023317,"Why doesn't @115888 give you the ability to thumbs up or thumbs down ""discover weekly"" playlist songs? Would be nice.","@176490 Hi Todd! We're afraid this isn't possible right now, but you can show your support for the idea here: https://t.co/llJeAWnvFA /AU"
1825219,@115888 why doesn't it connect to the speakers on the same network? Says requires premium membership to stream to those network speakers??,"@547914 Hey MAnish! What device and Spotify version are you using? Also, what speakers are you trying to use Connect with? We'll help you out /BH"
2150435,@SpotifyCares Lol ..I thought I was... No worries I'll be be sure to scoop some tickets up still.😉 https://t.co/Kb4aYqYiWa,@413433 Cool! Let us know if you ever need us again. We'd be... https://t.co/LgAM6ky9Vv /RB
1854541,"@SpotifyCares iPhone 6s, iOS 9 and version 8.4.22.515","@554861 Got it. Is this happening on 3G/4G, WiFi, or both? Does restarting your device by holding Home + Lock for 10 seconds help at all? /KB"
2637121,@SpotifyCares I need to talk to someone about charges for a phantom account...,"@744321 Hi Lindsay! Help's here. We don't have phone support right now, but we'll be glad to help via Twitter. You can also get in touch with our Email team at https://t.co/ZgU70TbP8M. Let us know how you'd like to proceed /AU"
173654,@SpotifyCares the download limit thing is getting annoying. Time to switch to Apple Music!,"@156656 Hey Brian, we understand your frustration. There’s currently a 10,000 track limit on Songs in Your Music. If you’re close to the limit, you can save tracks to playlists. More info here: https://t.co/37x2HLuaoB. If you need anything else, just shout /JK"
1888707,@SpotifyCares I am not receiving a password reset email and my service is no longer working. Please contact to resolve. Much appreciated.,"@563244 Hey Shawn, help's here! Can you DM us your account's username and email address? We'll take a look backstage /MQ https://t.co/ldFdZRiNAt"
2959327,@115888 Why has my app deleted all my downloaded songs today? 😖😭 This was the exact reason I switched from Apple Music... ¯\_(ツ)_/¯ 😑,"@816768 Hey Liam, sorry to hear that! Check out the steps under “Downloads unexpectedly removed” at https://t.co/EidIERWgLX. They should help with this /SY"
2060181,"Naka globe postpaid ako, mag spotify premium sana ako yung nadadagdag lang sa bill ko. Pwede ba yung student discount don? 65 per month.","@609322 Hey! We're afraid we don't have Filipino support, but we'd be happy to help in English. Can you DM us your account's email address? /JN https://t.co/ldFdZRiNAt"
1884633,@SpotifyCares hello I signed up for the 30 day trial on my laptop but when I logged in on my phone it said 7 day trial. Which one is it?,"@562327 Hi there, help's here! Can you fire over your account's email address via DM? We'll take a look backstage and see what we can suggest /NY https://t.co/ldFdZRiNAt"
2653170,Can someone tell me why Freaks and Geeks by Gambino is not on spotify ???,@748233 Hey there! Can you let us know which country your account is set to? We'll have this checked for you /DD
2251325,@SpotifyCares when will reputation be available to stream??,"@655857 Hi! Taylor Swift's 'Reputation' isn't available to stream just yet – stay tuned. For now, check out the singles: https://t.co/3h0TnPWP0c /AU"
2439883,@115888 where’s #reputation at?,"@699795 2: For now, check out the singles: https://t.co/3h0TnPWP0c /KB"
115299,@115888 I just got this for $9.99... Goddammit why didn't I wait 24 hours....,@753730 Hey there! Oh no. Could you DM us your account's email address or username? We'll see what we can do /NQ https://t.co/ldFdZRiNAt
557258,"@SpotifyCares Hi. As of a few days ago, my Android Spotify app will no longer send music to my Sonos system. It shows the devices, selecting them does nothing. The Sonos app can send to Sonos.  I uninstalled and reinstalled both apps.","@250120 Hi Ron! Our best tech folks are on the case as we speak. Hopefully, we'll have a fix soon 🔧 /RR"
2175346,@115888 Please consider allowing users to make copies of existing playlists that they can then add/delete songs and edit them as they see fit. Thanks!,"@637748 2: Note that you can only do this on playlists you've created. Alternatively, you can also try to copy and..."
902411,@SpotifyCares thank you,"@334234 You're welcome! If you ever need anything else, just shout and we'll come running 🏃 /JX"
